date,工商银行,招商银行,中国平安,贵州茅台,宁德时代,比亚迪,中国石油,紫金矿业,企业债指数,国债ETF,十年国债ETF,短债ETF,五年地债ETF,活跃国债ETF,沪深300ETF,中证500ETF,创业板ETF,上证50ETF,银行ETF,证券ETF,医药ETF,红利ETF,黄金ETF,能源化工ETF,豆粕ETF,十年国债期货,五年国债期货,沪深300股指期货,中证500股指期货,上证50股指期货
2025-01-02,6.4113188,35.98389804,48.48859774,1434.961728,251.58125796,89.3022377,8.30822442,14.8471785,293.8703,141.411,136.248,118.299,107.452,117.535,3.909,5.637,2.019,2.667,1.451,1.106,0.351,3.279,5.977,1.467,1.841,109.18,106.605,3817.8,5485.2,2619.8
2025-01-03,6.32646311,36.12405864,48.0965582,1422.4251,250.46324866,89.18035711,8.3840121,15.22862775,293.9085,141.787,136.569,118.437,107.786,117.839,3.869,5.523,1.978,2.641,1.442,1.076,0.348,3.248,6.029,1.448,1.816,109.44,106.97,3779.0,5387.6,2592.2
2025-01-06,6.36417675,36.4884762,48.13480596,1388.67264,249.6077285,89.36153096,8.44085286,15.15038175,294.037,141.789,136.654,118.621,107.645,117.898,3.853,5.51,1.976,2.63,1.455,1.077,0.349,3.248,5.99,1.436,1.826,109.47,106.85,3762.0,5370.2,2580.2
2025-01-07,6.4411989,36.3483156,47.97225298,1388.8655112,242.5107999,90.26740021,8.37453864,15.6687615,294.094,141.558,136.477,118.531,107.535,117.747,3.88,5.568,1.99,2.645,1.464,1.089,0.344,3.234,6.0,1.424,1.795,109.38,106.735,3789.6,5423.0,2596.6
2025-01-08,6.5085956,36.70338912,48.0965582,1391.08353,238.51513188,88.66977626,8.5734813,15.50248875,294.1368,141.603,136.463,118.518,107.582,117.742,3.874,5.545,1.968,2.651,1.475,1.077,0.341,3.228,6.03,1.427,1.794,109.425,106.705,3781.2,5402.8,2598.4
2025-01-09,6.4604551,36.441756,47.62802314,1392.530064,240.44977406,88.73895173,8.35559172,15.570954,294.1781,141.298,136.28,118.306,107.433,117.484,3.866,5.541,1.971,2.638,1.465,1.073,0.341,3.184,6.065,1.448,1.774,109.19,106.46,3772.2,5390.2,2582.2
2025-01-10,6.4219427,36.42306792,46.8056963,1384.815216,239.156772,87.62885014,8.2892775,15.79591125,294.1966,141.209,136.129,118.507,107.537,117.432,3.823,5.459,1.938,2.615,1.456,1.054,0.336,3.151,6.105,1.445,1.803,109.16,106.47,3728.0,5316.2,2561.2
2025-01-13,6.354546,36.50716428,46.46146646,1392.51077688,240.04145762,87.622262,8.40295902,16.04043,294.2865,141.039,136.057,118.105,107.4,117.371,3.808,5.468,1.942,2.607,1.436,1.057,0.338,3.124,6.12,1.482,1.859,109.0,106.315,3724.0,5337.0,2558.0
2025-01-14,6.3641741,37.2359994,47.19773584,1420.01421,249.0730284,91.0151541,8.4313794,16.05021075,294.287,141.111,136.196,118.144,107.626,117.318,3.906,5.655,2.036,2.652,1.459,1.103,0.346,3.174,6.068,1.475,1.866,109.14,106.52,3816.8,5525.0,2600.0
2025-01-15,6.3834303,37.97417856,46.95868734,1418.82805212,243.89129834,90.48480883,8.39348556,15.4340235,294.3029,141.267,136.443,118.285,107.573,117.603,3.883,5.61,1.999,2.646,1.471,1.09,0.343,3.183,6.102,1.489,1.879,109.32,106.525,3794.6,5481.8,2596.2
2025-01-16,6.4315708,38.30121996,47.0925545,1394.82523128,242.97744726,89.84905332,8.526114,15.81547275,294.2756,141.243,136.274,118.24,107.557,117.512,3.885,5.537,2.01,2.637,1.485,1.092,0.34,3.213,6.122,1.495,1.869,109.31,106.59,3792.2,5493.4,2583.0
2025-01-17,6.3641741,38.03958684,47.21685972,1402.896891,244.503773,91.1139762,8.36506518,15.91328025,294.34,141.178,136.186,118.285,107.547,117.452,3.898,5.581,2.026,2.637,1.477,1.094,0.341,3.196,6.139,1.492,1.883,109.035,106.435,3807.2,5550.8,2585.8
2025-01-20,6.3256617,37.48828848,47.62802314,1422.2322288,258.13376464,93.69323301,8.11875522,15.93284175,294.4346,141.189,136.044,118.22,107.536,117.297,3.917,5.608,2.062,2.643,1.471,1.099,0.347,3.185,6.127,1.471,1.905,109.05,106.52,3827.0,5579.6,2593.0
2025-01-21,6.3064055,37.50697656,47.7140806,1415.8192614,256.83104076,94.22687235,8.0050737,15.89371875,294.5328,141.219,136.159,118.371,107.592,117.45,3.922,5.628,2.07,2.64,1.471,1.103,0.346,3.027,6.127,1.474,1.931,109.24,106.605,3831.6,5595.0,2589.2
2025-01-22,6.2004964,36.8622378,46.8056963,1389.636996,250.822956,93.0574775,7.79665758,15.844815,294.556,141.31,136.219,118.205,107.543,117.497,3.886,5.607,2.059,2.607,1.443,1.097,0.342,3.003,6.181,1.46,1.924,109.15,106.505,3790.8,5572.6,2553.4
2025-01-23,6.4123146,37.21731132,48.16349178,1391.565708,250.336865,91.28197377,7.82507796,15.531831,294.5905,141.146,136.151,118.195,107.465,117.367,3.897,5.584,2.052,2.623,1.479,1.101,0.343,3.052,6.187,1.445,1.919,109.105,106.45,3798.6,5540.2,2570.0
2025-01-24,6.4219427,37.61910504,48.63202684,1384.815216,254.58612576,91.93090556,7.78718412,15.6687615,294.6338,141.004,136.005,118.117,107.416,117.247,3.929,5.652,2.084,2.638,1.483,1.114,0.346,3.067,6.218,1.446,1.924,109.115,106.385,3843.8,5638.6,2591.0
2025-01-27,6.5663642,37.9835226,48.6224649,1383.84121644,251.049936,90.4222215,7.89139218,15.883938,294.7673,141.496,136.514,118.394,107.578,117.62,3.907,5.585,2.028,2.643,1.503,1.086,0.346,3.105,6.202,1.436,1.91,109.34,106.59,3795.0,5532.8,2569.8
2025-02-05,6.4411989,37.37616,47.54196568,1353.7629528,246.28291776,93.1562996,7.7208699,16.10889525,295.009,141.459,136.578,118.533,107.578,117.779,3.887,5.608,2.024,2.619,1.48,1.086,0.346,3.043,6.439,1.439,1.988,109.435,106.635,3788.8,5567.8,2559.0
2025-02-06,6.4411989,37.5630408,48.0487485,1362.48073104,247.2402288,102.47192956,7.7682372,15.95240325,295.0695,141.594,136.659,118.573,107.694,117.842,3.932,5.74,2.08,2.638,1.48,1.104,0.349,3.041,6.402,1.439,1.969,109.535,106.695,3841.6,5712.8,2583.8
2025-02-07,6.4411989,37.5630408,48.65115072,1384.815216,255.23084544,107.6831483,7.82507796,16.2556065,295.1061,141.511,136.605,118.535,107.51,117.881,3.988,5.831,2.131,2.668,1.475,1.128,0.354,3.054,6.42,1.457,1.97,109.405,106.525,3897.8,5807.6,2617.0
2025-02-10,6.4219427,37.9368024,48.6702746,1380.48525756,252.4663656,108.74713291,7.79665758,16.50012525,295.2182,141.281,136.474,118.571,107.389,117.752,3.992,5.882,2.142,2.678,1.477,1.13,0.357,3.047,6.518,1.47,1.964,109.225,106.315,3899.0,5844.0,2626.0
2025-02-11,6.5663642,38.29187592,48.30692088,1367.456808,245.9703264,108.6713693,7.85349834,16.901136,295.2858,141.248,136.512,118.639,107.516,117.768,3.976,5.859,2.113,2.671,1.49,1.12,0.353,3.06,6.584,1.466,1.965,109.305,106.35,3883.2,5822.8,2616.8
2025-02-12,6.643389,38.88989448,48.84238952,1391.565708,249.3892944,113.66188535,7.84402488,16.6077135,295.3282,141.25,136.51,118.576,107.52,117.775,4.014,5.936,2.15,2.698,1.5,1.139,0.354,3.062,6.538,1.463,1.937,109.145,106.235,3918.4,5902.6,2644.8
2025-02-13,6.7011576,38.97399084,48.78501788,1412.83940136,255.33829872,112.4266091,7.79665758,16.63705575,295.3676,141.227,136.476,118.61,107.527,117.735,4.004,5.907,2.135,2.702,1.502,1.131,0.353,3.065,6.57,1.433,1.929,109.115,106.21,3910.0,5873.0,2648.8
2025-02-14,6.7300419,39.27300012,49.4352298,1422.4251,263.46567408,117.28536235,7.68297606,16.783767,295.3885,140.926,136.262,118.509,107.395,117.54,4.034,5.953,2.174,2.719,1.509,1.133,0.362,3.068,6.605,1.433,1.955,108.86,106.025,3944.4,5925.0,2668.4
2025-02-17,6.7011576,38.98333488,49.56909696,1419.16557672,263.1628512,114.7983395,7.63560876,16.1382375,295.4736,140.832,135.889,118.371,107.401,117.368,4.041,5.944,2.182,2.723,1.506,1.139,0.364,3.055,6.494,1.442,1.933,108.695,105.955,3948.2,5909.4,2667.4
2025-02-18,6.8263229,39.2916882,49.06231414,1422.4251,264.50113296,117.34136154,7.64508222,16.05021075,295.4932,140.637,135.761,118.197,107.3,117.177,4.012,5.844,2.14,2.713,1.522,1.108,0.357,3.053,6.555,1.443,1.937,108.595,106.105,3918.2,5822.6,2655.0
2025-02-19,6.7878105,39.22627992,49.1961813,1437.854796,267.2167704,118.0924095,7.55982108,15.99152625,295.5072,140.817,135.899,118.32,107.4,117.225,4.033,5.937,2.185,2.722,1.514,1.122,0.358,3.035,6.598,1.44,1.968,108.685,106.225,3939.4,5913.4,2667.0
2025-02-20,6.8166948,39.1048074,48.55553132,1421.460744,263.9443296,119.50227146,7.58824146,16.079553,295.5336,140.583,135.764,117.893,107.141,117.114,4.021,5.952,2.184,2.708,1.515,1.119,0.365,3.022,6.619,1.447,1.984,108.42,105.95,3926.8,5918.0,2653.0
2025-02-21,6.6722733,38.6843256,48.9571328,1435.16424276,269.1704664,126.162881,7.56929454,15.83503425,295.5542,140.45,135.487,117.936,107.065,116.845,4.075,6.054,2.239,2.744,1.494,1.141,0.373,3.0,6.568,1.438,1.995,108.16,105.81,3981.6,6028.8,2689.8
2025-02-24,6.6337609,38.56285308,49.722088,1426.35002892,265.214232,123.94926596,7.4840334,15.727446,295.6254,140.064,134.89,117.375,106.773,116.268,4.062,6.036,2.221,2.731,1.481,1.135,0.368,2.996,6.581,1.435,1.968,107.87,105.71,3967.2,5994.4,2675.0
2025-02-25,6.6048766,38.33859612,48.74677012,1402.173624,263.24099904,122.70081343,7.39877226,15.4340235,295.6377,140.253,134.997,117.461,106.97,116.547,4.021,5.973,2.197,2.703,1.47,1.117,0.362,2.975,6.582,1.426,1.974,108.065,105.82,3928.6,5950.4,2646.6
2025-02-26,6.6241328,38.75907792,49.35873428,1407.96940356,262.40090976,122.5723447,7.37982534,15.5122695,295.6411,140.265,135.346,117.286,106.928,116.7,4.054,6.045,2.223,2.726,1.478,1.149,0.367,3.001,6.519,1.416,1.957,108.18,105.825,3957.2,5997.0,2668.4
2025-02-27,6.6722733,39.60004152,49.35873428,1432.60869936,263.74896,123.6923285,7.46508648,15.40468125,295.646,140.207,135.108,117.011,106.701,116.55,4.067,6.029,2.212,2.74,1.497,1.144,0.367,3.028,6.492,1.426,1.992,108.065,105.745,3973.6,5982.4,2685.0
2025-02-28,6.6145047,39.2916882,48.17305372,1447.29584124,258.1809264,119.18604074,7.44613956,15.01345125,295.6664,140.254,135.315,117.169,106.824,116.605,3.994,5.867,2.128,2.705,1.489,1.109,0.357,3.01,6.444,1.426,1.988,108.255,105.835,3899.8,5838.4,2646.2
2025-03-03,6.5952485,39.2916882,48.12524402,1434.01665912,267.19723344,118.65569547,7.41771918,15.297093,295.7282,140.6,135.492,117.244,106.994,116.818,3.981,5.877,2.154,2.686,1.486,1.105,0.358,2.997,6.451,1.432,2.04,108.455,106.015,3886.6,5847.2,2628.0
2025-03-04,6.5278518,39.0580872,47.88619552,1417.70939916,256.911024,113.59270988,7.21877652,15.58073475,295.7428,140.594,135.445,116.937,106.723,116.818,3.977,5.929,2.149,2.678,1.485,1.112,0.359,2.996,6.499,1.418,2.017,108.4,105.935,3882.2,5896.4,2620.0
2025-03-05,6.6145047,40.07658756,48.17305372,1414.10270772,254.94755952,116.59690172,7.2471969,15.65898075,295.7609,140.546,135.468,116.995,106.835,116.916,3.994,5.944,2.149,2.697,1.509,1.112,0.356,3.004,6.547,1.408,1.955,108.51,106.01,3894.6,5905.8,2637.0
2025-03-06,6.5759923,40.14199584,49.37785816,1452.30084888,258.19069488,118.23405451,7.2471969,15.9426225,295.781,140.417,135.129,116.833,106.679,116.68,4.049,6.039,2.191,2.74,1.502,1.14,0.362,2.998,6.535,1.4,1.963,108.245,105.83,3954.2,6020.0,2685.0
2025-03-07,6.547108,40.71198228,49.243991,1466.785476,254.72288448,117.4006548,7.28509074,16.06977225,295.8081,140.137,134.75,116.48,106.443,116.309,4.039,6.013,2.16,2.739,1.502,1.12,0.358,2.997,6.526,1.402,1.961,107.635,105.475,3943.8,5992.4,2681.6
2025-03-10,6.4893394,40.24478028,49.0049425,1468.6177524,250.561512,115.621857,7.25667036,16.28494875,295.8664,139.905,134.455,116.556,106.651,116.102,4.023,6.006,2.159,2.727,1.49,1.111,0.359,3.001,6.544,1.395,1.99,107.69,105.52,3917.8,5961.2,2664.6
2025-03-11,6.5278518,40.65591804,49.243991,1493.47885008,249.2916096,115.41762466,7.2945642,16.118676,295.8651,139.581,133.937,116.058,106.35,115.634,4.035,6.036,2.159,2.739,1.498,1.114,0.36,3.022,6.505,1.389,1.937,107.235,105.24,3930.0,6011.0,2675.4
2025-03-12,6.4700832,40.68395016,48.9093231,1487.59627848,248.607816,115.621857,7.26614382,16.32407175,295.8453,140.073,134.446,116.562,106.875,115.819,4.025,6.04,2.149,2.73,1.497,1.121,0.357,3.018,6.526,1.367,1.925,107.675,105.55,3923.2,6019.0,2670.0
2025-03-13,6.4797113,40.96427136,48.89976116,1482.95772612,247.35745056,116.7747815,7.40824572,16.588152,295.8299,140.091,134.308,116.339,106.62,115.993,4.005,5.989,2.125,2.723,1.502,1.114,0.356,3.046,6.575,1.374,1.95,107.62,105.495,3904.8,5967.8,2663.8
2025-03-14,6.4989675,42.19768464,51.12769318,1569.98121156,255.934176,123.83726758,7.42719264,17.096751,295.8501,140.066,134.101,116.032,106.15,115.826,4.106,6.098,2.186,2.803,1.522,1.152,0.366,3.068,6.673,1.396,1.966,107.58,105.495,4012.8,6096.2,2747.0
2025-03-17,6.5567361,42.08555616,51.04163572,1579.48011816,250.073088,125.25701175,7.50298032,16.83267075,295.9013,139.779,133.699,115.348,105.803,115.608,4.094,6.1,2.173,2.798,1.527,1.139,0.365,3.077,6.677,1.392,1.964,107.075,105.28,3996.0,6083.0,2737.2
2025-03-18,6.547108,42.17899656,51.40498944,1566.114144,251.049936,126.68004999,7.4840334,17.370612,295.9041,139.88,133.682,115.413,106.024,115.518,4.103,6.126,2.185,2.8,1.524,1.14,0.37,3.065,6.727,1.388,1.971,107.24,105.38,3982.2,5963.6,2740.0
2025-03-19,6.6145047,43.00127208,51.70140958,1577.40675276,259.24569072,130.79763749,7.46508648,17.65425375,295.9098,139.792,133.797,115.619,105.784,115.51,4.109,6.102,2.178,2.809,1.547,1.139,0.37,3.066,6.8,1.386,1.972,107.22,105.29,3990.0,5948.4,2749.6
2025-03-20,6.5856204,42.27243696,50.19062306,1546.827024,256.0807032,131.75950593,7.5314007,17.77162275,295.9262,139.965,134.351,115.799,106.026,115.898,4.076,6.06,2.158,2.779,1.537,1.13,0.366,3.061,6.807,1.394,1.939,107.53,105.515,3953.6,5902.4,2719.0
2025-03-21,6.5085956,41.7678588,49.4830395,1517.655255,250.073088,122.539404,7.54087416,17.18477775,295.9509,139.912,134.349,115.773,105.89,115.932,4.01,5.968,2.112,2.734,1.518,1.111,0.36,3.055,6.774,1.392,1.94,107.415,105.39,3882.8,5810.6,2671.8
2025-03-24,6.5663642,42.0949002,49.84639322,1526.575548,252.18307968,123.64621152,7.56929454,17.65425375,296.0074,139.844,134.202,115.809,105.875,115.909,4.027,5.961,2.112,2.752,1.532,1.11,0.359,3.078,6.78,1.411,1.939,107.595,105.51,3900.2,5802.0,2689.0
2025-03-25,6.5952485,42.13227636,49.68384024,1519.342878,253.47251904,121.74553313,7.65455568,17.99658,296.0404,140.017,134.522,115.938,105.929,116.116,4.029,5.941,2.105,2.752,1.54,1.107,0.36,3.1,6.774,1.405,1.946,107.675,105.52,3904.4,5794.0,2690.0
2025-03-26,6.5759923,39.86167464,49.45435368,1519.825056,250.97178816,123.86032607,7.68297606,17.800965,296.0804,140.176,134.632,116.147,106.022,116.258,4.013,5.941,2.098,2.736,1.517,1.106,0.359,3.101,6.795,1.408,1.917,107.995,105.725,3891.8,5795.0,2676.0
2025-03-27,6.6145047,40.42231704,49.77945964,1532.361684,252.88641024,127.3158055,7.74929028,17.4684195,296.1115,140.227,134.686,116.13,105.998,116.268,4.027,5.956,2.103,2.75,1.523,1.107,0.366,3.099,6.812,1.411,1.92,107.89,105.64,3904.6,5819.0,2690.6
2025-03-28,6.6241328,40.38494088,49.68384024,1528.70677476,250.8545664,125.9981775,7.65455568,17.761842,296.1312,140.197,134.507,116.071,105.996,116.21,4.008,5.909,2.089,2.738,1.519,1.107,0.366,3.082,6.938,1.398,1.907,107.875,105.65,3884.0,5766.8,2677.6
2025-03-31,6.6337609,40.45034916,49.36829622,1505.359716,247.08393312,123.4946843,7.78718412,17.722719,296.2059,140.187,134.489,115.968,105.976,116.177,3.984,5.854,2.064,2.725,1.524,1.085,0.362,3.073,7.012,1.375,1.938,107.87,105.635,3858.6,5710.8,2666.0
2025-04-01,6.547108,40.05789948,49.35873428,1500.55722312,243.29376288,120.3982585,7.8156045,17.53688475,296.2436,140.18,134.509,116.015,106.0,116.16,3.982,5.886,2.062,2.721,1.515,1.083,0.374,3.097,7.056,1.387,1.912,107.76,105.57,3859.6,5738.6,2661.8
2025-04-02,6.5952485,39.92708292,49.58822084,1493.80673112,243.37191072,118.7512235,7.73981682,17.1163125,296.2859,140.282,134.702,116.416,106.218,116.303,3.979,5.893,2.064,2.716,1.528,1.088,0.369,3.112,7.029,1.386,1.929,108.05,105.745,3857.6,5759.4,2656.2
2025-04-03,6.6337609,39.8523306,49.22486712,1512.95884128,237.45221184,117.76629657,7.71139644,16.73486325,296.3257,140.794,135.518,117.035,106.535,116.888,3.959,5.842,2.027,2.72,1.533,1.088,0.366,3.117,7.094,1.368,1.965,108.575,106.135,3837.0,5712.2,2658.0
2025-04-07,6.5085956,38.15171532,46.43278064,1446.534,210.23722656,105.98999632,6.95351964,15.07213575,296.4452,141.217,136.398,117.732,106.784,117.324,3.695,5.28,1.775,2.571,1.485,0.979,0.342,2.938,6.877,1.253,1.975,109.18,106.48,3452.6,5139.0,2441.2
2025-04-08,6.5663642,38.4507246,47.10211644,1489.93002,213.9785544,107.88408657,7.2945642,15.60029625,296.5017,141.103,135.993,117.385,106.677,117.11,3.73,5.313,1.804,2.628,1.485,0.993,0.344,3.003,6.925,1.268,2.048,108.9,106.265,3543.8,5139.4,2513.2
2025-04-09,6.547108,37.80598584,46.78657242,1486.11117024,206.49589872,106.9255122,7.14298884,15.570954,296.542,141.184,136.092,117.403,106.77,117.024,3.766,5.428,1.823,2.648,1.472,1.014,0.343,3.007,7.012,1.239,2.017,109.045,106.435,3614.0,5262.8,2564.2
2025-04-10,6.4989675,38.4040044,47.31247912,1493.787444,212.93332704,110.8125148,7.18088268,16.38275625,296.5834,141.318,136.107,117.391,106.846,117.256,3.829,5.535,1.863,2.672,1.484,1.027,0.348,3.038,7.164,1.29,1.989,109.035,106.5,3673.0,5381.2,2582.2
2025-04-11,6.547108,38.78711004,47.1881739,1513.05527688,218.813952,116.93289686,7.16193576,16.77398625,296.6138,141.365,136.084,117.256,106.751,117.286,3.84,5.573,1.892,2.677,1.488,1.031,0.349,3.023,7.273,1.289,1.995,108.95,106.395,3686.6,5424.2,2595.6
2025-04-14,6.6145047,38.75907792,47.31247912,1496.67086844,218.813952,118.257113,7.28509074,17.24346225,296.7051,141.243,136.084,117.188,106.748,117.263,3.848,5.617,1.895,2.685,1.496,1.031,0.35,3.051,7.327,1.283,2.01,109.04,106.365,3694.8,5437.4,2606.6
2025-04-15,6.7011576,39.3384084,47.64714702,1502.466648,222.8678712,118.57663779,7.3419315,17.26302375,296.7424,141.246,136.177,117.275,106.756,117.237,3.851,5.594,1.893,2.691,1.518,1.026,0.347,3.066,7.325,1.27,1.985,108.96,106.295,3690.4,5415.6,2608.8
2025-04-16,6.7974386,39.478569,47.69495672,1503.59494452,219.68334672,116.00067505,7.55982108,17.3510505,296.7854,141.364,136.359,117.342,106.835,117.406,3.86,5.545,1.87,2.715,1.532,1.024,0.348,3.082,7.503,1.256,1.952,109.135,106.39,3690.8,5366.6,2620.0
2025-04-17,6.7878105,39.35709648,47.96269104,1514.03892,220.767648,115.18703976,7.56929454,17.4292965,296.8195,141.276,136.325,117.374,106.788,117.342,3.863,5.548,1.873,2.718,1.533,1.024,0.348,3.075,7.565,1.254,1.957,108.99,106.255,3710.6,5406.6,2633.6
2025-04-18,6.8744634,39.945771,48.23042536,1510.12363464,220.24015008,113.974822,7.56929454,17.2336815,296.8564,141.217,136.248,117.408,106.809,117.24,3.873,5.55,1.878,2.72,1.548,1.031,0.347,3.077,7.583,1.26,1.957,109.025,106.23,3708.8,5400.0,2633.4
2025-04-21,6.7878105,39.50660112,48.07743432,1495.716156,226.00355328,114.88398532,7.52192724,18.192195,296.9413,141.099,136.107,117.363,106.801,117.172,3.875,5.632,1.908,2.711,1.528,1.037,0.348,3.067,7.724,1.266,1.974,108.78,106.08,3733.2,5499.8,2631.4
2025-04-22,6.8840915,39.25431204,48.35473058,1493.5945728,229.859516,116.88677988,7.58824146,18.0943875,296.9729,141.15,136.239,117.585,106.93,117.231,3.878,5.617,1.899,2.716,1.541,1.035,0.352,3.077,7.982,1.257,1.979,108.97,106.165,3733.0,5486.0,2637.4
2025-04-23,6.8455791,39.23562396,48.4790358,1496.680512,232.50994,122.53610993,7.578768,17.39995425,296.9986,141.021,136.1,117.444,106.828,117.106,3.882,5.628,1.919,2.708,1.533,1.036,0.351,3.061,7.5,1.283,1.977,108.77,106.02,3734.0,5495.0,2627.4
2025-04-24,6.9707444,39.44119284,48.97625668,1496.921601,236.017268,120.562962,7.578768,17.28258525,297.0196,140.903,136.018,117.479,106.778,117.041,3.882,5.605,1.907,2.715,1.55,1.032,0.352,3.074,7.582,1.273,1.985,108.68,105.915,3736.8,5478.0,2635.8
2025-04-25,6.9418601,39.31972032,49.08143802,1494.7518,235.74824,122.15399781,7.54087416,17.26302375,297.0412,141.029,136.096,117.648,106.911,117.199,3.882,5.621,1.92,2.71,1.545,1.041,0.351,3.071,7.53,1.276,1.965,108.77,105.935,3739.2,5498.6,2628.0
2025-04-28,7.0188849,39.5720094,48.96669474,1494.7518,234.00454,118.58652,7.59771492,17.2728045,297.1126,140.991,136.186,117.68,106.939,117.245,3.876,5.595,1.906,2.711,1.558,1.033,0.349,3.074,7.465,1.289,1.936,108.84,105.915,3730.6,5471.0,2628.0
2025-04-29,6.9996287,39.244968,48.765894,1488.965664,231.194692,116.939485,7.52192724,17.24346225,297.1254,141.176,136.502,117.905,106.995,117.418,3.869,5.598,1.903,2.706,1.554,1.03,0.35,3.062,7.517,1.275,1.922,109.12,106.07,3724.8,5487.2,2621.2
2025-04-30,6.7492981,38.06761896,48.48859774,1491.858732,230.6666,116.31031763,7.56929454,17.0771895,297.1533,141.283,136.546,117.947,106.997,117.499,3.866,5.626,1.921,2.693,1.52,1.033,0.354,3.038,7.471,1.266,1.912,109.0,106.1,3716.2,5497.0,2609.2
2025-05-06,6.7204138,38.65629348,48.5746552,1494.9446712,230.796132,118.57334372,7.54087416,17.370612,297.2994,141.208,136.5,118.021,107.0,117.438,3.903,5.733,1.958,2.707,1.519,1.048,0.357,3.03,7.612,1.25,1.917,109.045,106.06,3766.2,5622.0,2629.6
2025-05-07,6.8455791,39.26365608,48.93800892,1499.57358,237.751004,118.3229944,7.6735026,17.65425375,297.3293,141.17,136.386,117.956,107.044,117.405,3.927,5.743,1.967,2.731,1.542,1.055,0.357,3.049,7.671,1.265,1.918,108.85,105.995,3785.0,5620.2,2646.4
2025-05-08,6.8455791,39.9924912,49.68384024,1521.93699564,243.689548,118.34934696,7.6261353,17.370612,297.3566,141.45,136.494,118.119,107.197,117.522,3.95,5.767,2.001,2.742,1.558,1.059,0.357,3.053,7.557,1.271,1.917,109.06,106.18,3816.0,5660.0,2664.8
2025-05-09,6.9033477,40.62788592,49.4830395,1534.46398008,247.376228,119.64721054,7.6735026,17.26302375,297.3845,141.41,136.592,118.137,107.133,117.589,3.945,5.72,1.984,2.744,1.577,1.046,0.358,3.07,7.531,1.277,1.914,109.06,106.095,3808.6,5604.8,2666.2
2025-05-12,6.8937196,40.9268952,50.2958044,1547.309202,256.0748,121.97282396,7.71139644,17.32170825,297.4712,141.345,136.454,118.142,107.204,117.481,3.99,5.792,2.037,2.763,1.582,1.07,0.357,3.083,7.376,1.301,1.909,108.53,105.89,3853.0,5688.0,2686.6
2025-05-13,6.9611163,41.63704224,50.16193724,1533.6153468,257.838428,120.7276655,7.7682372,17.370612,297.5053,141.251,136.284,117.923,107.195,117.247,3.994,5.778,2.03,2.769,1.605,1.062,0.36,3.105,7.332,1.311,1.905,108.715,105.955,3851.0,5654.6,2688.2
2025-05-14,6.9611163,41.87064324,52.29424986,1576.71241644,261.65464,122.9017517,7.89139218,17.5075425,297.5395,141.135,136.175,117.937,107.113,117.188,4.045,5.798,2.054,2.817,1.619,1.099,0.363,3.133,7.277,1.349,1.914,108.535,105.81,3907.4,5697.8,2737.6
2025-05-15,6.9996287,41.97342768,51.8735245,1573.83863556,259.243352,124.1205576,7.84402488,17.10653175,297.5711,141.037,136.149,117.915,107.139,117.192,4.011,5.721,2.012,2.803,1.615,1.079,0.363,3.124,7.062,1.327,1.913,108.555,105.79,3872.8,5623.0,2723.0
2025-05-16,6.8937196,41.36606508,51.05119766,1556.59595028,258.426304,128.19532219,7.7208699,17.0380665,297.6036,140.943,136.048,117.901,107.136,117.096,3.989,5.711,2.008,2.778,1.601,1.067,0.363,3.106,7.177,1.312,1.905,108.48,105.72,3846.0,5601.8,2695.2
2025-05-19,6.8552072,40.96427136,50.9651402,1522.69883688,259.064,126.10029367,7.74929028,17.0380665,297.6888,141.012,136.124,117.963,107.192,117.192,3.983,5.725,2.002,2.769,1.596,1.068,0.363,3.117,7.222,1.31,1.898,108.83,106.0,3843.2,5623.0,2688.8
2025-05-20,6.8648353,41.0203356,51.32849392,1529.468616,262.0532,130.0498836,7.7682372,17.0771895,297.7066,141.059,136.205,117.992,107.173,117.239,4.003,5.749,2.018,2.78,1.601,1.068,0.368,3.121,7.209,1.301,1.898,108.84,105.955,3865.4,5650.8,2699.4
2025-05-21,6.8744634,41.0203356,51.4910469,1524.61790532,273.093312,131.7628,7.83455142,18.08460675,297.7426,141.044,136.249,118.047,107.213,117.221,4.019,5.756,2.034,2.793,1.612,1.065,0.371,3.15,7.439,1.314,1.931,108.835,106.01,3881.2,5655.6,2712.6
2025-05-22,6.8552072,41.59032204,51.48148496,1523.68248,269.396668,131.3675116,7.8629718,18.1726335,297.7788,141.043,136.21,118.042,107.203,117.195,4.017,5.711,2.016,2.796,1.626,1.057,0.369,3.151,7.45,1.296,1.928,108.815,105.98,3879.6,5614.8,2715.4
2025-05-23,6.8166948,41.1604962,50.89820662,1516.5462456,266.028836,133.409835,7.74929028,18.18241425,297.805,141.149,136.203,118.152,107.196,117.238,3.988,5.662,1.994,2.775,1.61,1.043,0.37,3.123,7.454,1.289,1.921,108.85,106.05,3846.2,5561.8,2693.0
2025-05-26,6.7878105,40.9268952,51.0607596,1495.233978,254.97876,125.504067,7.75876374,18.153072,297.9024,141.146,136.228,118.113,107.163,117.252,3.967,5.671,1.977,2.764,1.598,1.042,0.365,3.107,7.425,1.294,1.915,108.855,106.06,3831.2,5594.6,2684.4
2025-05-27,6.7974386,40.87083096,51.0607596,1488.8692284,253.075636,122.67446087,7.73981682,17.487981,297.9426,141.094,136.186,118.06,107.121,117.176,3.946,5.657,1.967,2.75,1.607,1.042,0.367,3.095,7.366,1.292,1.929,108.735,106.03,3809.2,5578.0,2668.6
2025-05-28,6.7878105,40.81476672,50.95557826,1482.215172,252.68704,119.53521216,7.90086564,17.5857885,297.9814,141.101,136.145,118.065,107.138,117.169,3.942,5.647,1.959,2.747,1.605,1.036,0.367,3.1,7.375,1.28,1.922,108.73,106.02,3805.0,5568.0,2665.4
2025-05-29,6.7781824,40.61854188,51.17550288,1485.10824,250.94334,118.95874991,7.87244526,17.4292965,298.0078,140.943,136.008,117.876,107.036,117.014,3.966,5.727,1.989,2.754,1.604,1.049,0.372,3.108,7.3,1.3,1.922,108.475,105.87,3832.8,5668.6,2673.6
2025-05-30,6.8070667,40.58116572,50.94601632,1467.749832,249.1,116.0500861,7.85349834,17.34126975,298.0334,141.076,136.124,118.038,107.163,117.107,3.959,5.694,1.972,2.749,1.615,1.043,0.373,3.122,7.369,1.282,1.926,108.725,106.02,3822.4,5627.8,2667.2
2025-06-03,6.8455791,41.08574388,51.4910469,1455.213204,250.24586,117.268892,7.8629718,17.6640345,298.1349,141.069,136.146,118.062,107.11,117.166,3.957,5.703,1.977,2.748,1.643,1.052,0.375,3.134,7.478,1.276,1.912,108.685,105.96,3824.8,5638.4,2668.6
2025-06-04,6.8166948,41.16984024,51.40498944,1456.13898576,250.14622,118.75781164,7.94823294,17.69337675,298.1598,141.159,136.197,118.192,107.165,117.228,3.974,5.749,2.0,2.755,1.645,1.065,0.379,3.142,7.474,1.293,1.913,108.765,106.035,3842.4,5688.8,2673.6
2025-06-05,6.8263229,41.45950548,51.62491406,1460.034984,250.5946,118.83357525,7.94823294,17.487981,298.1923,141.226,136.23,118.143,107.154,117.246,3.984,5.784,2.023,2.754,1.633,1.075,0.376,3.124,7.483,1.283,1.923,108.72,106.03,3852.0,5723.6,2674.0
2025-06-06,6.835951,41.55294588,51.07032154,1452.69623484,247.984032,118.57334372,8.06191446,17.7422805,298.2209,141.341,136.339,118.276,107.218,117.346,3.986,5.785,2.017,2.756,1.638,1.068,0.373,3.124,7.481,1.289,1.957,108.925,106.14,3855.4,5725.4,2673.6
2025-06-09,6.8166948,41.6744184,51.36674168,1433.13909516,244.695912,114.67975298,8.17559598,17.57600775,298.3148,141.39,136.497,118.282,107.185,117.469,3.995,5.825,2.034,2.756,1.643,1.084,0.378,3.128,7.4,1.29,1.962,109.0,106.125,3867.8,5766.4,2676.6
2025-06-10,6.835951,41.73982668,51.08944542,1422.43474356,242.264696,116.32349391,8.26085712,17.86943025,298.3493,141.406,136.551,118.348,107.237,117.475,3.972,5.777,2.012,2.742,1.651,1.07,0.379,3.133,7.405,1.289,1.969,108.995,106.135,3841.0,5718.2,2660.0
2025-06-11,6.8552072,42.33784524,52.07432524,1427.24688,249.5982,119.24203993,8.3840121,18.2508795,298.3789,141.399,136.662,118.428,107.243,117.492,4.004,5.814,2.038,2.762,1.657,1.089,0.378,3.142,7.428,1.293,1.977,109.045,106.185,3878.8,5761.2,2682.4
2025-06-12,6.8455791,42.26309292,52.40899314,1406.995404,248.910684,116.35972868,8.41243248,19.0333395,298.4093,141.369,136.653,118.44,107.256,117.447,4.006,5.825,2.04,2.76,1.663,1.087,0.383,3.14,7.497,1.291,1.98,108.995,106.125,3883.6,5780.0,2682.2
2025-06-13,6.8263229,42.21637272,52.09344912,1376.0877942,247.30648,113.974822,8.51664054,19.00355995,298.435,141.398,136.647,118.509,107.272,117.449,3.98,5.776,2.02,2.746,1.65,1.076,0.377,3.125,7.588,1.333,1.975,109.02,106.175,3856.4,5729.0,2665.2
2025-06-16,6.8744634,42.77701512,51.94045808,1371.59389524,245.772024,113.45765301,8.54506092,18.67608346,298.5334,141.429,136.68,118.534,107.31,117.486,3.99,5.797,2.037,2.753,1.67,1.092,0.374,3.131,7.563,1.35,1.977,109.015,106.145,3869.8,5756.2,2678.4
2025-06-17,6.9033477,42.96389592,51.85440062,1376.136012,245.373464,113.23036218,8.69663628,18.72570111,298.5678,141.583,136.811,118.634,107.405,117.6,3.989,5.785,2.028,2.753,1.666,1.095,0.367,3.134,7.499,1.347,1.998,109.16,106.3,3799.2,5575.4,2680.8
2025-06-18,6.9803725,42.8424234,51.45279914,1374.2073,244.685948,114.28775865,8.69663628,18.63638934,298.6122,141.599,136.803,118.658,107.383,117.603,3.904,5.776,2.034,2.75,1.683,1.082,0.365,3.138,7.503,1.385,1.986,109.14,106.28,3801.6,5563.4,2638.8
2025-06-19,7.028513,42.63685452,50.8695208,1375.171656,241.22844,112.1630835,8.7629505,18.22952461,298.672,141.605,136.829,118.152,106.784,117.615,3.873,5.718,2.005,2.733,1.681,1.061,0.361,3.124,7.465,1.402,1.998,109.135,106.25,3766.0,5504.4,2617.6
2025-06-20,7.0959097,42.97323996,52.34205956,1377.73684296,239.395064,112.08073175,8.67768936,18.26921873,298.7078,141.63,136.863,118.347,106.84,117.634,3.878,5.679,1.988,2.749,1.7,1.059,0.363,3.14,7.436,1.396,1.989,109.15,106.275,3773.6,5484.0,2635.4
2025-06-23,7.2403312,43.216185,52.6862894,1369.38552,238.747404,111.4054474,8.61137514,18.36845403,298.8178,141.601,136.832,118.335,106.838,117.64,3.891,5.712,1.998,2.762,1.721,1.072,0.363,3.153,7.464,1.397,1.97,109.155,106.275,3797.4,5524.0,2652.8
2025-06-24,7.3462403,43.683387,54.30225726,1385.9724432,245.034688,113.11177566,8.48822016,18.39822462,298.8684,141.548,136.773,118.158,106.769,117.548,3.936,5.804,2.044,2.792,1.726,1.099,0.365,3.157,7.372,1.335,1.968,109.025,106.185,3852.4,5632.6,2682.0
2025-06-25,7.3847527,44.38419,55.34450872,1384.68020616,253.98236,115.05198289,8.46872653,18.84478347,298.9119,141.512,136.65,118.125,106.848,117.459,4.001,5.913,2.109,2.832,1.744,1.158,0.369,3.173,7.392,1.341,1.942,108.995,106.19,3922.8,5759.8,2722.6
2025-06-26,7.4328932,44.73926352,55.05765052,1396.22352,251.879956,111.15509808,8.51745338,18.83485994,298.9477,141.55,136.651,118.188,106.829,117.47,3.986,5.888,2.093,2.826,1.762,1.138,0.366,3.18,7.405,1.343,1.912,108.95,106.17,3904.2,5729.0,2711.0
2025-06-27,7.221075,43.18815288,54.46481024,1379.59666104,250.086436,110.10099568,8.40050894,19.62874234,298.9851,141.645,136.784,118.225,106.869,117.562,3.963,5.91,2.101,2.795,1.713,1.138,0.365,3.154,7.326,1.338,1.92,109.045,106.265,3876.6,5745.0,2680.0
2025-06-30,7.3077279,42.9358638,54.5828884,1385.91899712,251.312008,109.33347737,8.33229135,19.3508835,299.0808,141.581,136.636,118.152,106.809,117.502,3.982,5.963,2.133,2.807,1.711,1.136,0.368,3.152,7.314,1.338,1.925,108.895,106.16,3885.8,5768.8,2689.0
2025-07-01,7.3751246,43.4030658,54.799331,1381.5730056,250.5946,109.14571538,8.41999968,19.7478247,299.1147,141.631,136.728,118.24,106.87,117.573,3.988,5.982,2.126,2.81,1.737,1.13,0.37,3.175,7.397,1.335,1.924,109.005,106.205,3886.0,5764.6,2689.8
2025-07-02,7.3943808,43.8235476,54.9075523,1385.9976576,249.54838,108.92171862,8.3810182,20.01576001,299.1488,141.711,136.88,118.345,106.905,117.682,3.992,5.947,2.104,2.816,1.746,1.124,0.368,3.199,7.394,1.35,1.918,109.13,106.25,3894.2,5756.6,2696.8
2025-07-03,7.3558684,43.55257044,54.897714,1391.8971936,261.644676,110.20640592,8.33229135,20.13484237,299.1883,141.729,136.904,118.398,106.94,117.693,4.015,5.971,2.141,2.82,1.746,1.131,0.37,3.198,7.445,1.343,1.927,109.105,106.255,3918.0,5769.2,2701.8
2025-07-04,7.4617775,43.98239628,55.6552631,1398.40634832,264.84312,109.033717,8.3810182,19.89667765,299.2269,141.762,136.923,118.465,106.947,117.708,4.032,5.963,2.133,2.836,1.777,1.131,0.371,3.222,7.407,1.333,1.928,109.1,106.255,3936.0,5765.4,2717.2
2025-07-07,7.4425213,44.1038688,55.5175269,1387.0792392,259.950796,108.23984613,8.31280061,19.6485894,299.3341,141.741,136.938,118.535,106.945,117.719,4.014,5.951,2.11,2.828,0.894,1.132,0.367,3.235,7.355,1.329,1.923,109.105,106.225,3918.0,5747.6,2708.0
2025-07-08,7.4714056,44.49631848,55.5372035,1392.39865416,262.362084,107.67656016,8.35178209,19.66843646,299.4096,141.631,136.867,118.457,106.931,117.666,4.048,6.031,2.159,2.845,0.891,1.146,0.369,3.229,7.398,1.328,1.924,109.02,106.135,3958.6,5858.0,2727.8
2025-07-09,7.5580585,44.03846052,54.996097,1395.12227328,269.82512,107.3208006,8.36152746,18.7554717,299.452,141.629,136.832,118.506,106.968,117.684,4.045,6.005,2.163,2.842,0.895,1.141,0.374,3.245,7.314,1.33,1.929,109.05,106.16,3952.8,5823.4,2724.0
2025-07-10,7.7795048,45.07564896,56.2062079,1402.614684,271.0208,105.81541061,8.43949042,18.69593052,299.4895,141.537,136.66,118.378,106.919,117.592,4.065,6.038,2.169,2.858,0.906,1.155,0.375,3.271,7.371,1.343,1.929,108.845,105.99,3972.0,5854.2,2740.4
2025-07-11,7.7121081,44.49073916,56.7768293,1403.106312,270.5226,106.69822137,8.42974505,18.74554817,299.5252,141.499,136.608,118.387,106.949,117.542,4.079,6.09,2.185,2.871,0.888,1.181,0.381,3.25,7.376,1.331,1.938,108.83,105.995,3993.4,5920.4,2751.6
2025-07-14,7.70228256,44.42250183,56.6390931,1399.7632416,267.5334,104.91283543,8.65388856,18.93409524,299.606,141.427,136.505,118.33,106.905,117.438,4.078,6.079,2.177,2.869,0.895,1.17,0.38,3.272,7.44,1.345,1.946,108.73,105.92,3985.8,5897.6,2747.4
2025-07-15,7.6629852,44.08131518,56.176693,1387.374216,266.7861,106.41493135,8.70261541,18.97378936,299.6366,141.567,136.737,118.443,106.976,117.563,4.078,6.077,2.212,2.855,0.886,1.164,0.381,3.233,7.436,1.332,1.938,108.89,106.025,3980.6,5893.4,2734.2
2025-07-16,7.6629852,43.97408509,55.9110589,1387.40371368,263.44816,106.63563404,8.75134226,18.99363642,299.6726,141.576,136.748,118.458,106.964,117.583,4.069,6.076,2.206,2.85,0.882,1.16,0.381,3.221,7.402,1.331,1.937,108.835,106.0,3971.0,5895.2,2730.4
2025-07-17,7.6138635,43.866855,55.8913823,1392.6346356,264.5442,108.05208414,8.68312467,18.92417171,299.7035,141.568,136.747,118.486,106.998,117.576,4.102,6.146,2.247,2.859,0.879,1.166,0.387,3.212,7.397,1.335,1.966,108.885,106.045,4011.8,5978.0,2741.4
2025-07-18,7.63351218,43.91559595,56.1471781,1412.938872,270.22368,108.41113777,8.68312467,19.32111291,299.7332,141.556,136.666,118.505,106.992,117.545,4.132,6.165,2.252,2.884,0.883,1.171,0.391,3.226,7.403,1.338,1.981,108.79,105.99,4041.8,6000.8,2767.0
2025-07-21,7.5647418,43.72063215,56.2652377,1418.838408,278.653224,110.06146684,8.70261541,19.63866587,299.8269,141.469,136.54,118.432,106.925,117.449,4.157,6.226,2.275,2.89,0.88,1.187,0.39,3.247,7.446,1.364,1.989,108.76,105.955,4064.8,6055.6,2771.2
2025-07-22,7.4664984,43.80836586,55.783161,1440.45037488,285.628024,112.55507783,8.78057837,20.09514825,299.8544,141.395,136.409,118.284,106.852,117.377,4.201,6.292,2.289,2.914,0.867,1.189,0.392,3.3,7.474,1.383,1.998,108.635,105.885,4109.8,6129.4,2796.8
2025-07-23,7.5156201,43.98383328,57.06214,1450.794228,285.986728,111.36262449,8.71236078,20.05545413,299.8817,141.341,136.344,118.242,106.831,117.277,4.199,6.27,2.287,2.921,0.872,1.199,0.393,3.297,7.548,1.368,2.005,108.52,105.79,4109.2,6120.0,2802.8
2025-07-24,7.4173767,43.74987672,57.6917912,1466.526324,284.17328,112.89436704,8.56618023,19.96614236,299.901,141.074,135.999,117.926,106.666,117.032,4.225,6.363,2.325,2.933,0.859,1.232,0.401,3.307,7.424,1.405,1.964,108.22,105.585,4141.2,6226.0,2816.6
2025-07-25,7.35843066,43.70113577,57.1408464,1430.63748,281.78192,111.31650751,8.44923579,19.69820705,299.9176,141.105,135.824,117.936,106.698,116.881,4.203,6.365,2.318,2.916,0.858,1.227,0.401,3.293,7.409,1.433,1.958,108.18,105.57,4116.0,6216.0,2796.8
2025-07-28,7.35843066,43.32095636,59.1183447,1414.57107696,285.26932,111.010159,8.34203672,19.6485894,299.9867,141.238,136.173,118.129,106.806,117.106,4.214,6.391,2.342,2.929,0.86,1.238,0.41,3.26,7.388,1.374,1.943,108.395,105.72,4122.0,6222.0,2805.8
2025-07-29,7.29948462,43.02851066,58.5280467,1414.905384,290.769448,111.42,8.49796264,19.44019527,299.999,141.064,135.857,117.746,106.635,116.9,4.235,6.431,2.383,2.934,0.849,1.243,0.421,3.251,7.363,1.379,1.939,108.13,105.545,4141.4,6263.0,2814.0
2025-07-30,7.35843066,43.30145998,59.7283193,1425.17057664,276.092476,108.7,8.65388856,19.66843646,300.0171,141.203,136.083,118.058,106.758,117.026,4.232,6.389,2.345,2.943,0.854,1.225,0.424,3.262,7.377,1.378,1.958,108.3,105.63,4136.4,6215.4,2820.0
2025-07-31,7.42720104,43.35994912,57.7409827,1397.86555752,263.667368,105.24,8.64414319,19.00355995,300.0143,141.313,136.346,118.143,106.844,117.237,4.155,6.297,2.301,2.899,0.848,1.198,0.416,3.211,7.35,1.359,1.949,108.485,105.725,4057.0,6124.0,2777.0
2025-08-01,7.48614708,43.30145998,57.258906,1393.273752,262.122948,105.8,8.29330987,19.11271878,300.04,141.321,136.342,118.101,106.82,117.228,4.133,6.287,2.303,2.876,0.853,1.191,0.409,3.208,7.352,1.347,1.955,108.435,105.72,4029.6,6104.0,2754.4
2025-08-04,7.54509312,43.7693731,57.2687443,1395.240264,265.520672,104.88,8.25432839,19.72797764,300.1045,141.293,136.345,118.112,106.829,117.22,4.152,6.335,2.313,2.89,0.858,1.193,0.409,3.222,7.446,1.341,1.962,108.47,105.715,4052.8,6169.0,2770.4
2025-08-05,7.62368784,44.11055975,58.1837062,1403.83392144,264.74348,104.86,8.37127283,19.71805411,300.1231,141.337,136.361,118.133,106.867,117.309,4.183,6.376,2.32,2.912,0.871,1.205,0.411,3.254,7.455,1.342,1.966,108.54,105.755,4082.0,6198.6,2791.0
2025-08-06,7.62368784,43.98383328,58.1049998,1400.03855328,264.046,104.35,8.41999968,20.00583648,300.1487,141.351,136.439,118.203,106.921,117.313,4.194,6.428,2.336,2.918,0.87,1.21,0.41,3.267,7.468,1.346,1.97,108.555,105.775,4097.0,6263.2,2796.2
2025-08-07,7.70228256,44.01307785,57.9279104,1398.5341716,262.10302,105.33,8.45898116,20.1447659,300.1715,141.451,136.478,118.27,106.905,117.361,4.193,6.408,2.32,2.921,0.874,1.209,0.407,3.279,7.484,1.34,1.975,108.615,105.83,4092.6,6226.4,2797.8
2025-08-08,7.65316086,43.40869007,57.5934082,1397.17727832,262.531472,103.93,8.54668949,20.38293062,300.1953,141.508,136.531,118.257,106.861,117.429,4.183,6.397,2.312,2.91,0.87,1.199,0.406,3.278,7.508,1.328,1.984,108.64,105.84,4083.2,6227.0,2785.4
2025-08-11,7.5647418,42.9895179,57.5245401,1420.80492,262.710824,105.52,8.37127283,20.09514825,300.2593,141.341,136.262,118.107,106.757,117.209,4.202,6.464,2.357,2.912,0.863,1.215,0.407,3.26,7.429,1.336,1.969,108.495,105.735,4104.8,6298.8,2789.4
2025-08-12,7.64333652,42.892036,57.8000125,1412.97820224,262.3023,105.67,8.54668949,20.1447659,300.2869,141.313,136.154,118.032,106.767,117.146,4.228,6.497,2.385,2.932,0.865,1.221,0.408,3.278,7.399,1.346,1.984,108.42,105.715,4131.2,6342.6,2809.6
2025-08-13,7.5647418,42.44361926,57.6622763,1396.2726828,272.61504,106.83,8.48821727,20.85926006,300.3108,141.411,136.22,118.033,106.81,117.218,4.263,6.582,2.473,2.94,0.857,1.242,0.418,3.258,7.415,1.335,2.026,108.435,105.745,4170.8,6451.8,2818.8
2025-08-14,7.55491746,42.67757582,58.6559446,1403.09647944,278.882396,106.37,8.42974505,21.00811301,300.3379,141.358,136.072,117.928,106.744,117.132,4.256,6.514,2.446,2.954,0.856,1.241,0.415,3.237,7.424,1.315,2.02,108.325,105.665,4163.8,6380.2,2829.6
2025-08-15,7.4173767,42.2096627,58.833034,1398.26869248,279.659588,106.07,8.41025431,21.12719537,300.3581,141.345,136.046,117.948,106.778,117.085,4.295,6.658,2.509,2.965,0.844,1.3,0.417,3.231,7.401,1.317,2.011,108.295,105.66,4209.4,6531.0,2846.4
2025-08-18,7.39772802,42.41437469,58.3804722,1404.581196,281.9812,108.37,8.36152746,20.6409424,300.4225,141.047,135.563,117.514,106.552,116.728,4.327,6.748,2.582,2.971,0.846,1.317,0.418,3.223,7.413,1.317,2.023,108.015,105.455,4237.8,6608.0,2848.4
2025-08-19,7.43702538,42.3071446,57.258906,1413.922128,276.79992,107.63,8.30305524,20.17453649,300.4382,141.058,135.621,117.617,106.615,116.681,4.305,6.733,2.575,2.937,0.847,1.291,0.411,3.217,7.391,1.313,2.03,107.95,105.54,4216.2,6600.0,2815.4
2025-08-20,7.43702538,42.35588555,58.242736,1425.7212,279.2,108.25,8.40050894,20.40277768,300.4516,140.996,135.489,117.455,106.506,116.627,4.364,6.824,2.588,2.975,0.851,1.303,0.415,3.24,7.374,1.319,2.026,107.73,105.37,4270.0,6695.2,2851.2
2025-08-21,7.4664984,42.37538193,58.6559446,1424.000502,279.0,107.1,8.52719875,20.4424718,300.4699,141.058,135.52,117.47,106.501,116.708,4.378,6.786,2.572,2.99,0.855,1.293,0.42,3.256,7.394,1.33,1.997,107.875,105.45,4282.2,6656.4,2865.4
2025-08-22,7.49597142,42.17066994,59.521715,1439.4376212,287.18,110.66,8.46872653,20.50201298,300.4893,141.021,135.469,117.215,106.48,116.686,4.479,6.915,2.662,3.066,0.852,1.338,0.424,3.253,7.378,1.327,1.98,107.66,105.37,4394.0,6810.4,2942.0
2025-08-25,7.45667406,42.76530953,60.01363,1465.37591448,290.28,111.61,8.54668949,22.04016013,300.5381,141.14,135.684,117.369,106.569,116.789,4.565,7.037,2.737,3.124,0.858,1.352,0.434,3.273,7.427,1.335,2.001,107.95,105.53,4474.6,6909.6,2992.0
2025-08-26,7.4173767,42.42412288,59.5413916,1456.80192216,289.5,113.75,8.54668949,22.21878367,300.5511,141.146,135.775,117.347,106.57,116.877,4.541,7.048,2.716,3.101,0.853,1.335,0.429,3.261,7.449,1.326,1.986,107.995,105.56,4449.0,6916.4,2970.8
2025-08-27,7.27983594,41.917217,57.7409827,1423.754688,278.3,110.68,8.41025431,22.35771309,300.5539,141.184,135.865,117.416,106.622,116.917,4.475,6.953,2.696,3.051,0.838,1.3,0.42,3.208,7.45,1.315,1.986,108.02,105.59,4384.0,6837.8,2920.2
2025-08-28,7.25036292,41.89772062,57.8885572,1421.8865016,277.41,109.32,8.41999968,22.34778956,300.5688,141.116,135.568,117.324,106.513,116.73,4.559,7.104,2.806,3.095,0.842,1.326,0.419,3.205,7.468,1.314,1.987,107.795,105.46,4460.4,6967.0,2959.8
2025-08-29,7.29948462,41.80998691,58.9117404,1455.21888,306.18,114.06,8.49796264,22.90350724,300.5861,141.148,135.612,117.393,106.574,116.74,4.601,7.141,2.865,3.112,0.836,1.328,0.431,3.189,7.486,1.311,1.992,107.81,105.515,4506.2,6996.8,2980.0
2025-09-01,7.25036292,40.92290162,57.5638933,1451.3841816,304.0,109.7,8.48821727,24.19356614,300.6501,141.259,135.719,117.427,106.631,116.862,4.616,7.206,2.927,3.113,0.826,1.314,0.446,3.171,7.647,1.307,2.005,108.0,105.595,4510.6,7014.8,2979.6
2025-09-02,7.43702538,42.34613736,57.7114678,1466.3296728,302.87,110.02,8.84879596,24.22333673,300.6579,141.257,135.726,117.425,106.583,116.85,4.59,7.055,2.848,3.128,0.842,1.296,0.448,3.186,7.67,1.305,1.992,107.955,105.57,4481.2,6896.2,2992.8
2025-09-03,7.30930896,41.8197351,56.8456974,1455.7596708,309.0,107.21,8.8682867,24.74928382,300.6684,141.402,135.84,117.533,106.728,116.993,4.549,6.94,2.87,3.087,0.83,1.25,0.447,3.153,7.768,1.303,2.015,108.16,105.725,4430.0,6788.8,2949.0
2025-09-04,7.40755236,41.96595795,56.570225,1448.00178096,304.03,104.0,8.76108763,23.68746611,300.6665,141.488,136.12,117.64,106.727,117.109,4.456,6.779,2.751,3.034,0.838,1.248,0.431,3.172,7.75,1.293,1.983,108.26,105.755,4349.4,6647.0,2899.8
2025-09-05,7.30930896,41.68326044,56.963757,1458.168648,325.11,107.26,8.6733793,25.07676031,300.6814,141.279,135.731,117.41,106.594,116.829,4.554,7.011,2.944,3.072,0.83,1.257,0.446,3.162,7.775,1.307,1.994,107.95,105.59,4456.6,6898.6,2940.8
2025-09-08,7.2700116,41.36157017,56.766991,1476.09340488,325.37,106.25,8.66363393,24.45157792,300.7341,141.251,135.597,117.343,106.622,116.768,4.555,7.073,2.908,3.067,0.826,1.248,0.456,3.168,7.847,1.311,2.005,107.865,105.585,4453.0,6920.8,2936.6
2025-09-09,7.29948462,41.75149777,57.06214,1479.80028,320.0,105.49,8.56618023,24.99737207,300.7463,141.231,135.531,117.305,106.595,116.738,4.528,7.006,2.845,3.059,0.832,1.247,0.445,3.17,7.966,1.306,2.015,107.775,105.57,4426.2,6872.8,2925.4
2025-09-10,7.33878198,41.917217,56.9342421,1496.52546456,316.04,105.2,8.53694412,24.98744854,300.7727,141.155,135.229,117.145,106.548,116.54,4.538,7.003,2.875,3.072,0.833,1.245,0.443,3.169,7.947,1.308,2.003,107.49,105.425,4432.4,6863.4,2937.8
2025-09-11,7.37807934,42.2096627,57.7409827,1497.990516,322.55,106.59,8.50770801,25.51339563,300.7771,141.256,135.301,117.205,106.584,116.58,4.66,7.224,3.025,3.122,0.837,1.284,0.44,3.174,7.923,1.305,2.005,107.58,105.59,4562.0,7124.6,2990.2
2025-09-12,7.34860632,41.46880026,56.7473144,1490.616096,325.0,105.91,8.46872653,25.45385445,300.7915,141.301,135.525,117.117,106.605,116.684,4.621,7.242,2.995,3.104,0.824,1.266,0.441,3.159,7.954,1.296,2.009,107.71,105.6,4523.2,7140.0,2968.6
2025-09-15,7.29948462,41.15685818,56.4029739,1489.7311656,354.7,108.7,8.54668949,25.3050015,300.8366,141.39,135.623,117.141,106.619,116.759,4.629,7.226,3.037,3.097,0.816,1.262,0.443,3.142,7.931,1.308,1.988,107.805,105.655,4497.0,6939.4,2962.4
2025-09-16,7.3191333,40.69869325,55.7044546,1474.86433488,353.42,107.8,8.41999968,25.12637796,300.8352,141.475,135.687,117.128,106.637,116.711,4.62,7.282,3.059,3.082,0.808,1.263,0.441,3.135,8.032,1.307,1.988,108.0,105.795,4489.2,6996.8,2951.6
2025-09-17,7.32895764,40.70844144,55.6552631,1468.001208,377.1,110.99,8.46,24.87828971,300.8533,141.632,135.866,117.125,106.666,116.99,4.653,7.357,3.119,3.088,0.805,1.269,0.445,3.149,7.964,1.308,1.983,108.155,105.89,4518.2,7081.0,2955.8
2025-09-18,7.16194386,39.80185977,54.3861224,1443.38047776,366.89,109.71,8.21,24.23326026,300.8633,141.54,135.838,116.241,105.995,116.916,4.594,7.292,3.067,3.048,0.79,1.232,0.443,3.096,7.862,1.295,1.98,108.08,105.82,4448.2,6985.4,2912.4
2025-09-19,7.0735248,39.967579,54.209033,1443.39031032,368.49,109.09,8.15,24.82867206,300.8824,141.385,135.651,116.078,105.998,116.702,4.604,7.261,3.062,3.045,0.792,1.221,0.439,3.113,7.898,1.291,1.991,107.835,105.675,4464.4,6984.0,2913.4
2025-09-22,7.05387612,39.88959348,54.2582245,1429.0151076,370.05,107.99,8.1,25.17599561,300.937,141.497,135.66,116.364,106.023,116.819,4.619,7.318,3.082,3.054,0.784,1.234,0.44,3.087,8.048,1.281,1.985,107.975,105.77,4484.0,7013.2,2923.0
2025-09-23,7.2700116,40.50372945,54.1303266,1423.18439952,368.15,105.6,8.14,25.62255446,300.9293,139.922,134.125,116.21,105.955,116.713,4.622,7.277,3.093,3.054,0.794,1.212,0.432,3.105,8.143,1.277,1.942,107.715,105.625,4483.8,6940.6,2925.0
2025-09-24,7.33878198,40.27952108,54.3959607,1417.855152,379.93,105.71,8.13,25.73171329,300.9213,139.804,133.908,116.235,105.936,116.587,4.663,7.432,3.16,3.072,0.792,1.224,0.435,3.111,8.19,1.294,1.952,107.65,105.565,4530.0,7157.0,2939.8
2025-09-25,7.25036292,39.79211158,54.1991947,1414.905384,392.85,107.5,8.14,27.06146631,300.9252,139.752,133.866,116.135,105.859,116.528,4.695,7.441,3.211,3.087,0.788,1.224,0.443,3.097,8.146,1.305,1.961,107.61,105.525,4562.2,7166.6,2953.6
2025-09-26,7.27983594,39.7726152,54.3270926,1410.97236,380.4,107.29,8.16,27.1904722,300.8995,139.856,134.059,116.187,105.914,116.651,4.651,7.336,3.129,3.077,0.789,1.219,0.433,3.098,8.16,1.299,1.948,107.68,105.54,4525.0,7080.0,2944.4
2025-09-29,7.20124122,39.65563692,55.1043183,1436.39936016,397.37,108.61,8.17,28.54999581,300.9737,139.821,133.994,116.083,105.894,116.618,4.728,7.462,3.213,3.109,0.786,1.28,0.435,3.093,8.259,1.297,1.938,107.66,105.485,4604.6,7232.2,2976.0
2025-09-30,7.1717682,39.39243579,54.2188713,1419.81183144,402.0,109.21,8.06,29.44,300.9915,140.028,134.254,116.319,106.035,116.836,4.741,7.519,3.217,3.126,0.778,1.263,0.446,3.082,8.339,1.283,1.938,107.845,105.63,4618.0,7290.4,2989.0
2025-10-09,7.18159254,39.31445027,54.1500032,1412.72255568,409.89,110.6,8.28,32.38,301.181,140.123,134.384,116.4,106.124,116.909,4.816,7.649,3.235,3.161,0.777,1.267,0.448,3.103,8.729,1.274,1.943,108.045,105.73,4689.2,7415.8,3026.0
2025-10-10,7.18159254,39.16822742,54.6419182,1406.05608,381.95,107.79,8.28,30.87,301.2016,140.093,134.315,116.41,106.052,116.928,4.719,7.505,3.095,3.112,0.78,1.27,0.437,3.136,8.602,1.268,1.939,107.98,105.65,4592.2,7266.0,2975.8
2025-10-13,7.14229518,39.09999009,54.209033,1395.4369152,374.5,105.69,8.23,31.3,301.2642,140.134,134.447,116.495,106.072,116.994,4.692,7.469,3.054,3.101,0.787,1.254,0.426,3.14,8.859,1.269,1.951,108.065,105.685,4562.6,7231.0,2961.6
2025-10-14,7.368255,40.22103194,55.5667184,1426.72412112,358.0,105.99,8.33,29.5,301.2833,140.181,134.679,116.756,106.111,117.098,4.645,7.289,2.934,3.1,0.806,1.248,0.416,3.204,8.976,1.241,1.938,108.17,105.775,4507.2,7010.0,2958.4
2025-10-15,7.32895764,40.4549885,56.8752123,1437.520272,369.3,107.1,8.29,30.98,301.3026,140.14,134.609,116.662,106.133,117.041,4.706,7.393,3.003,3.138,0.81,1.265,0.422,3.207,9.187,1.243,1.938,108.13,105.73,4576.4,7140.2,2997.4
2025-10-16,7.49597142,40.87416067,57.0818166,1460.04666696,368.5,106.96,8.43,30.47,301.3231,140.146,134.714,116.816,106.239,117.086,4.721,7.336,3.014,3.159,0.822,1.259,0.424,3.239,9.244,1.252,1.942,108.165,105.705,4590.0,7062.0,3019.0
2025-10-17,7.48614708,40.54272221,56.3537824,1430.63748,358.14,104.43,8.41,30.17,301.3578,140.246,134.926,116.955,106.268,117.179,4.624,7.114,2.915,3.11,0.821,1.233,0.415,3.229,9.568,1.231,1.92,108.295,105.78,4485.2,6863.2,2963.0
2025-10-20,7.47632274,40.37700298,56.963757,1433.51842008,366.5,104.52,8.62,29.75,301.4209,140.122,134.679,116.824,106.186,117.12,4.64,7.16,2.971,3.111,0.819,1.235,0.414,3.256,9.268,1.228,1.928,108.11,105.655,4506.8,6909.2,2970.4
2025-10-21,7.50579576,40.92290162,57.1408464,1437.77591856,375.9,104.76,8.76,30.05,301.4441,140.142,134.671,116.828,106.28,117.076,4.71,7.28,3.062,3.144,0.822,1.246,0.419,3.248,9.49,1.232,1.935,108.145,105.715,4577.6,7052.8,3004.8
2025-10-22,7.62368784,40.89365705,57.2687443,1434.2755272,372.86,103.78,8.9,29.45,301.4571,140.168,134.686,116.821,106.265,117.103,4.695,7.224,3.039,3.148,0.829,1.234,0.416,3.253,9.101,1.239,1.935,108.145,105.735,4563.4,7011.6,3005.6
2025-10-23,7.70228256,41.17635456,57.8000125,1443.40014288,376.45,103.69,9.18,29.7,301.4851,140.128,134.586,116.769,106.254,117.092,4.713,7.249,3.038,3.167,0.834,1.245,0.416,3.278,8.994,1.25,1.96,108.035,105.645,4580.8,7040.0,3023.8
2025-10-24,7.70228256,40.89365705,57.88,1425.7212,385.77,103.76,9.06,30.03,301.5094,140.119,134.522,116.785,106.23,117.052,4.77,7.369,3.147,3.192,0.829,1.257,0.417,3.259,8.95,1.245,1.955,108.005,105.615,4634.8,7159.8,3048.6
2025-10-27,7.77105294,40.54272221,57.75,1416.29177496,386.18,104.01,9.17,31.0,301.5774,140.166,134.672,116.839,106.278,117.042,4.826,7.478,3.209,3.216,0.83,1.272,0.423,3.272,8.914,1.258,1.97,108.175,105.745,4684.4,7254.4,3066.8
2025-10-28,7.84964766,40.5524704,57.76,1420.80492,386.48,103.72,9.12,29.84,301.6082,140.445,135.059,117.012,106.39,117.21,4.802,7.441,3.205,3.196,0.829,1.264,0.416,3.267,8.597,1.254,1.969,108.415,105.895,4669.6,7231.0,3051.6
2025-10-29,7.69245822,39.74337063,58.95,1407.9242664,400.0,104.52,9.09,30.96,301.6389,140.561,135.059,117.009,106.42,117.355,4.862,7.594,3.3,3.21,0.813,1.292,0.42,3.249,8.692,1.261,1.962,108.57,106.07,4732.6,7390.0,3064.8
2025-10-30,7.70228256,40.1625428,58.65,1402.85066544,398.29,103.61,9.1,31.11,301.6691,140.674,135.205,117.17,106.457,117.44,4.823,7.497,3.239,3.193,0.812,1.267,0.409,3.248,8.704,1.24,1.951,108.63,106.065,4690.0,7299.0,3045.0
2025-10-31,7.64333652,39.86034891,57.83,1406.06591256,388.77,100.79,9.15,30.5,301.6967,140.69,135.287,117.233,106.48,117.513,4.756,7.436,3.166,3.16,0.813,1.254,0.413,3.24,8.794,1.235,1.958,108.68,106.065,4631.4,7242.4,3015.2
2025-11-03,7.7612286,40.73768601,58.31,1410.97236,386.86,99.6,9.56,30.0,301.7757,140.628,135.306,117.225,106.471,117.507,4.763,7.439,3.176,3.161,0.823,1.249,0.409,3.283,8.797,1.23,1.964,108.68,106.05,4634.8,7239.6,3016.6
2025-11-04,7.98718842,41.92696519,58.94,1405.072824,378.95,97.8,9.57,28.78,301.8157,140.621,135.354,117.227,106.456,117.478,4.729,7.313,3.112,3.156,0.84,1.243,0.402,3.313,8.737,1.225,1.952,108.66,106.03,4589.0,7094.6,3008.2
2025-11-05,7.99701276,41.7222532,58.32,1396.30218048,388.7,95.8,9.53,29.01,301.8505,140.626,135.352,117.281,106.507,117.478,4.735,7.33,3.142,3.15,0.84,1.24,0.402,3.322,8.706,1.228,1.984,108.62,106.01,4596.6,7108.0,3002.6
2025-11-06,7.94789106,41.27383646,58.9,1411.10018328,394.68,97.52,9.59,29.7,301.8696,140.56,135.212,117.281,106.525,117.41,4.805,7.451,3.201,3.19,0.836,1.254,0.404,3.326,8.755,1.237,1.976,108.535,105.965,4670.8,7246.4,3041.4
2025-11-07,7.9085937,41.43955569,58.89,1409.33032248,395.37,97.2,9.71,30.17,301.8955,140.589,135.186,117.33,106.531,117.388,4.795,7.44,3.185,3.186,0.835,1.244,0.401,3.331,8.793,1.23,1.974,108.445,105.91,4659.4,7230.2,3038.2
2025-11-10,7.97736408,41.64426768,59.3,1437.8152488,384.51,99.39,9.87,30.17,301.9661,140.585,135.133,117.365,106.553,117.379,4.807,7.448,3.158,3.201,0.839,1.26,0.405,3.356,8.936,1.231,1.976,108.485,105.94,4672.0,7235.8,3054.0
2025-11-11,8.01666144,41.87822424,59.2,1434.56067144,385.6,98.71,9.77,29.62,301.9871,140.602,135.058,117.448,106.579,117.409,4.763,7.394,3.113,3.18,0.843,1.245,0.404,3.347,9.062,1.217,1.972,108.475,105.935,4626.8,7173.0,3033.0
2025-11-12,8.04613446,41.84897967,60.03,1440.6175284,386.38,97.77,9.94,29.49,302.0137,140.66,135.161,117.508,106.606,117.435,4.765,7.356,3.108,3.197,0.848,1.238,0.405,3.36,9.029,1.226,1.975,108.52,105.97,4628.0,7155.2,3042.8
2025-11-13,8.06578314,42.12192899,60.88,1445.75995728,415.6,99.83,9.92,30.72,302.0323,140.604,135.067,117.474,106.585,117.378,4.812,7.465,3.182,3.221,0.846,1.248,0.411,3.361,9.175,1.227,1.98,108.41,105.885,4677.0,7269.0,3068.8
2025-11-14,8.1050805,42.16092175,60.65,1432.2106896,404.12,98.37,9.82,30.02,302.059,140.587,135.141,117.464,106.627,117.387,4.741,7.338,3.093,3.183,0.849,1.232,0.408,3.348,9.096,1.218,1.998,108.415,105.875,4600.4,7137.4,3030.4
2025-11-17,8.02648578,41.57603035,59.83,1446.369576,390.78,98.08,9.87,28.98,302.1378,140.613,135.253,117.58,106.665,117.446,4.71,7.336,3.084,3.159,0.838,1.218,0.401,3.329,8.882,1.21,1.968,108.485,105.905,4581.4,7143.4,3009.2
2025-11-18,8.0559588,41.80023872,59.62,1451.285856,385.0,96.49,9.87,28.39,302.1646,140.621,135.283,117.622,106.713,117.419,4.683,7.262,3.051,3.15,0.834,1.22,0.399,3.284,8.777,1.205,2.016,108.5,105.92,4555.0,7079.8,2997.6
2025-11-19,8.08543182,42.13167718,60.37,1446.37940856,391.1,95.17,10.27,29.34,302.1869,140.579,135.228,117.601,106.736,117.405,4.697,7.227,3.057,3.165,0.842,1.221,0.398,3.3,8.954,1.205,1.984,108.425,105.88,4565.2,7054.8,3011.0
2025-11-20,8.12472918,42.14142537,60.2,1442.54471016,379.39,93.61,10.12,28.97,302.1981,140.652,135.264,117.641,106.805,117.45,4.676,7.17,3.026,3.156,0.849,1.217,0.394,3.3,8.903,1.201,1.982,108.485,105.935,4539.2,7000.0,3002.6
2025-11-21,8.1050805,41.917217,58.91,1442.0432496,370.0,92.7,10.03,28.14,302.2171,140.614,135.237,117.665,106.789,117.419,4.564,6.922,2.904,3.101,0.84,1.173,0.387,3.255,8.828,1.192,1.977,108.24,105.905,4428.4,6770.0,2946.4
2025-11-24,8.0559588,41.55653397,58.4,1427.687712,370.55,93.93,9.78,28.0,302.2856,140.63,135.251,117.702,106.832,115.668,4.557,6.97,2.908,3.094,0.835,1.175,0.392,3.227,8.857,1.213,2.006,108.335,105.995,4435.2,6827.6,2944.4
2025-11-25,8.16402654,42.16092175,59.47,1420.4607804,372.36,93.91,9.8,28.51,302.2902,140.633,135.131,117.628,106.847,115.616,4.597,7.054,2.961,3.11,0.846,1.179,0.393,3.243,9.01,1.211,2.011,108.22,105.98,4473.0,6900.0,2959.2
2025-11-26,8.01666144,42.16092175,59.78,1424.8854324,372.82,95.09,9.72,28.43,302.277,140.481,134.825,117.408,106.729,115.505,4.626,7.065,3.027,3.114,0.839,1.176,0.394,3.226,9.011,1.22,2.002,107.85,105.735,4493.0,6909.4,2964.6
2025-11-27,8.01666144,42.10243261,59.34,1423.0664088,371.2,94.29,9.85,28.6,302.2411,140.473,134.84,117.402,106.706,115.479,4.622,7.05,3.012,3.112,0.842,1.175,0.392,3.23,9.01,1.22,2.026,107.895,105.77,4492.6,6896.2,2962.4
2025-11-28,7.96753974,41.86847605,58.99,1426.212828,373.2,95.17,9.75,28.58,302.2514,140.528,134.861,117.472,106.735,115.482,4.635,7.135,3.035,3.113,0.836,1.18,0.393,3.23,9.067,1.234,2.024,107.94,105.745,4505.8,6974.2,2963.2
2025-12-01,7.94789106,42.34613736,58.63,1423.754688,382.97,95.77,9.96,30.06,302.2888,140.575,134.981,117.47,106.782,115.539,4.687,7.202,3.073,3.137,0.842,1.183,0.393,3.245,9.161,1.242,1.973,108.04,105.84,4555.4,7031.6,2986.4
2025-12-02,7.94789106,42.28764822,58.8,1411.98511368,380.08,96.62,10.0,29.74,302.2847,140.54,134.904,117.358,106.785,115.485,4.666,7.141,3.052,3.122,0.841,1.172,0.388,3.249,9.112,1.238,1.969,107.98,105.77,4535.8,6982.2,2971.4
2025-12-03,7.9085937,41.92696519,58.35,1405.1711496,376.08,95.05,9.93,29.97,302.2939,140.552,134.969,117.419,106.842,115.468,4.645,7.103,3.019,3.108,0.834,1.161,0.386,3.241,9.096,1.229,1.969,108.04,105.85,4518.2,6950.4,2958.4
2025-12-04,7.9085937,42.13167718,58.55,1400.13687888,383.35,95.24,10.01,30.69,302.3069,140.411,134.548,117.187,106.645,115.267,4.657,7.125,3.051,3.116,0.831,1.164,0.387,3.228,9.064,1.23,1.964,107.67,105.595,4530.6,6983.2,2968.2
2025-12-05,7.84964766,42.35588555,61.99,1406.06591256,389.09,95.98,9.9,31.32,302.3208,140.483,134.783,117.305,106.759,115.298,4.698,7.216,3.089,3.145,0.827,1.194,0.389,3.226,9.136,1.216,1.956,107.87,105.755,4574.4,7083.2,2997.4
2025-12-08,7.84964766,42.09268442,63.4,1394.47332432,392.5,96.53,9.85,31.5,302.3825,140.468,134.777,117.117,106.63,115.355,4.732,7.278,3.171,3.164,0.827,1.217,0.391,3.21,9.11,1.215,1.951,107.91,105.745,4613.2,7144.0,3015.0
2025-12-09,7.9577154,41.95620976,62.45,1377.55148856,387.59,96.03,9.72,30.4,302.3956,140.545,134.979,117.129,106.708,115.453,4.708,7.224,3.188,3.142,0.826,1.201,0.391,3.184,9.046,1.198,1.942,107.98,105.785,4583.2,7094.4,2991.6
2025-12-10,7.80052596,40.6499523,62.55,1379.3115168,382.38,96.47,9.6,30.75,302.4224,140.566,134.972,117.189,106.748,115.465,4.702,7.263,3.192,3.132,0.814,1.206,0.392,3.171,9.095,1.193,1.949,108.03,105.825,4574.2,7122.2,2980.8
2025-12-11,7.859472,40.63045592,62.53,1388.34763944,388.99,96.23,9.66,30.96,302.4222,140.66,135.105,117.309,106.768,115.54,4.668,7.201,3.146,3.12,0.815,1.19,0.39,3.155,9.11,1.192,1.942,108.1,105.885,4539.6,7074.4,2969.8
2025-12-12,7.82999898,40.68894506,63.91,1396.8626364,391.8,97.0,9.53,31.7,302.4451,140.621,135.012,117.2,106.731,115.467,4.694,7.285,3.174,3.134,0.813,1.196,0.391,3.142,9.227,1.178,1.955,107.985,105.82,4574.0,7174.0,2986.8
2025-12-15,7.81,40.7474342,67.08,1402.123056,385.5,95.53,9.5,31.41,302.5037,140.562,134.739,117.101,106.721,115.308,4.667,7.236,3.12,3.133,0.815,1.202,0.384,3.168,9.351,1.186,1.951,107.87,105.785,4501.0,6940.8,2983.8
2025-12-16,7.79,40.6499523,67.0,1398.190032,378.41,94.25,9.56,30.32,302.5176,140.536,134.759,117.115,106.733,115.324,4.62,7.126,3.06,3.103,0.81,1.193,0.378,3.14,9.24,1.183,1.96,107.905,105.795,4451.4,6843.4,2951.4
2025-12-17,7.81,40.47448488,68.05,1409.1041736,383.42,95.21,9.51,30.87,302.5286,140.629,134.911,117.163,106.695,115.36,4.699,7.259,3.164,3.058,0.812,1.218,0.383,3.143,9.31,1.191,1.946,108.005,105.84,4532.0,6996.0,2980.6
2025-12-18,7.99,41.30308103,68.5,1407.039336,372.0,93.53,9.71,30.97,302.5375,140.713,134.941,117.1,106.668,115.409,4.668,7.221,3.092,3.064,0.827,1.206,0.383,3.175,9.318,1.206,1.942,108.01,105.85,4505.0,6973.6,2986.0
2025-12-19,7.88,40.93264981,68.75,1410.0,374.0,94.23,9.65,31.12,302.5567,140.787,135.025,117.082,106.638,115.381,4.688,7.286,3.107,3.078,0.824,1.211,0.388,3.174,9.313,1.215,1.948,108.15,105.97,4527.0,7055.4,3006.4
2025-12-22,7.89,40.71818963,68.54,1408.26,371.84,94.37,9.72,32.53,302.6069,140.715,134.893,116.913,106.574,115.219,4.73,7.368,3.175,3.092,0.819,1.211,0.387,3.159,9.511,1.235,1.946,107.98,105.86,4564.8,7123.2,3018.4
2025-12-23,7.92,40.85466429,69.49,1407.86,378.1,94.81,9.89,32.09,302.6245,140.952,135.214,117.033,106.628,115.327,4.74,7.374,3.185,3.098,0.82,1.207,0.385,3.16,9.639,1.24,1.95,108.22,106.025,4571.4,7133.2,3025.6
2025-12-24,7.91,40.77667877,69.03,1400.9,375.6,94.42,9.85,32.31,302.6484,140.894,135.134,116.989,106.632,115.312,4.757,7.47,3.212,3.099,0.82,1.218,0.384,3.165,9.642,1.251,1.956,108.23,106.025,4595.0,7240.4,3027.0
2025-12-25,7.86,40.72793782,70.8,1414.17,373.01,94.84,9.83,32.03,302.6554,140.847,135.176,116.954,106.64,115.316,4.766,7.534,3.222,3.107,0.819,1.221,0.388,3.174,9.566,1.253,1.957,108.195,105.99,4610.6,7320.6,3034.0
2025-12-26,7.81,40.6499523,71.16,1414.13,374.43,100.01,9.85,33.53,302.6787,140.285,134.275,117.207,106.76,115.371,4.784,7.58,3.226,3.12,0.816,1.229,0.387,3.187,9.65,1.271,1.974,108.3,106.05,4638.4,7388.0,3051.4
2025-12-29,7.87,40.81567153,69.88,1402.0,369.31,100.21,10.06,32.65,302.724,140.116,133.868,117.2,106.765,115.196,4.763,7.548,3.205,3.109,0.824,1.222,0.383,3.185,9.563,1.249,1.976,107.975,105.84,4610.2,7336.6,3038.0
2025-12-30,7.85,41.21534732,68.8,1389.72,369.2,99.75,10.25,33.42,302.7371,140.093,133.813,117.0,106.234,115.29,4.773,7.581,3.229,3.108,0.824,1.216,0.381,3.188,9.363,1.271,1.964,107.94,105.815,4622.2,7381.0,3035.4
2025-12-31,7.93,41.0398799,68.4,1377.18,367.26,97.72,10.41,34.47,302.7623,140.096,133.828,116.901,106.189,115.291,4.753,7.588,3.186,3.105,0.823,1.211,0.378,3.183,9.301,1.27,1.949,107.86,105.76,4599.8,7362.8,3025.0
