date,工商银行,建设银行,农业银行,招商银行,兴业银行,平安银行,中国平安,中信证券,中国人寿,万科A,保利发展,贵州茅台,五粮液,伊利股份,海天味业,恒瑞医药,药明康德,迈瑞医疗,宁德时代,比亚迪,海康威视,立讯精密,中国石油,中国神华,紫金矿业,三一重工,中国中免,美的集团,中国移动,中兴通讯,沪深300指数,中证500指数
2024-01-02,4.29039821,5.8080553,3.26911566,24.3069435,12.9319083,7.98726198,35.83216851,19.05407667,27.02330937,10.15,8.78884487,1567.46033238,122.447736,23.75133748,35.30830636,44.09173818,67.0970355,279.53985951,148.82335801,62.6722326,31.69763641,33.5431871,6.42884886,28.41273764,11.99916798,13.11971968,77.1188054,49.54397184,90.48051612,24.5097984,3386.3522,5409.4554
2024-01-03,4.33518316,5.87012612,3.32270772,24.47439525,12.8011068,7.9785896,35.7686202,19.15850858,27.13916493,10.13,8.77020469,1575.823172,121.43934288,23.56147144,35.1470379,43.85377962,66.7163431,276.0440634,147.8459426,62.85771117,31.03120698,32.25002715,6.55490472,28.93922444,12.03759606,12.99576884,76.95614787,49.4440848,89.7198676,24.25129662,3378.2971,5401.395
2024-01-04,4.37996811,5.91446242,3.36736777,24.50964825,12.7487862,7.90053818,35.3147037,18.98762,25.92268155,9.93,8.52788235,1552.567222,119.13444432,23.48010028,33.97072678,43.41752226,65.82171596,272.24345673,143.4807864,62.80890102,30.58066314,32.0822125,6.68996457,29.33408954,12.01838202,12.86228332,75.2051874,50.170536,90.90208036,23.87790516,3347.0519,5355.3216
2024-01-05,4.36205413,5.8967279,3.33163973,24.93268425,12.9144681,8.03929626,35.37825201,18.78824999,25.8744084,9.99,8.54652253,1547.32067968,118.16206524,23.61571888,33.1548981,41.5931733,64.82239841,270.22408677,143.1961023,62.69826468,30.43986819,32.0822125,6.74398851,29.3516391,11.97995394,12.78600588,73.69342918,50.4883584,90.040623,23.5045137,3329.1114,5281.8711
2024-01-08,4.37101112,5.90559516,3.32270772,24.79167225,12.818547,7.9352277,34.90617885,18.43697902,25.33374912,9.82,8.44400154,1529.30196962,115.3349631,23.6428426,32.73749738,40.76031834,64.20377326,265.8519603,142.34205,61.6309494,29.73589344,30.92725285,6.72598053,29.5271347,11.8166346,12.633451,72.1433986,49.94352,90.16892516,22.4034876,3286.0564,5167.6997
2024-01-09,4.37101112,5.90559516,3.32270772,24.82692525,12.8011068,7.96124484,34.84263054,18.47495426,25.44960468,9.88,8.49992208,1526.520558,115.07386131,23.78750244,32.83236118,40.8495528,64.1466694,268.38569808,141.1084189,62.75683686,29.23841795,31.0555817,6.71697654,29.8781259,11.94152586,12.59531228,76.75521798,50.09789088,89.68320984,22.75773078,3292.4994,5180.653
2024-01-10,4.34414015,5.83465708,3.31377571,24.72116625,12.7400661,7.88319342,34.33424406,18.47495426,24.9089454,9.74,8.45332163,1526.985677,115.9652088,24.02257468,33.03157516,41.147001,64.35605022,264.39458481,142.96835502,61.92055629,28.48751155,30.8186669,6.67195659,29.7026303,11.79742056,12.61438164,78.1712953,50.14329408,88.46433932,22.7864532,3277.129,5158.0784
2024-01-11,4.28144122,5.763719,3.26018365,25.0120035,12.7836666,7.95257246,34.88802219,18.6078676,24.96687318,9.76,8.49060199,1531.70198366,116.70349662,24.0496984,33.06952068,41.12717112,68.28669925,266.8997466,146.91597454,64.03240878,28.96621438,30.8976385,6.50988477,29.1761435,11.66292228,12.86228332,78.52531463,49.94352,87.39209984,23.10239982,3295.6717,5223.8633
2024-01-12,4.30831219,5.8080553,3.3048437,25.1530155,12.8098269,7.96991722,34.52488899,18.53191712,24.83170836,9.7,8.51856226,1528.43684828,115.92019125,24.185317,32.76595652,40.7504034,68.35332042,263.851641,146.73567461,63.73629387,28.56260219,30.206637,6.50988477,29.50081036,11.7205644,12.70019376,77.31973529,49.94352,87.3371132,22.55667384,3284.1667,5206.178
2024-01-15,4.35309714,5.83465708,3.31377571,25.35572025,12.8447073,7.98726198,34.65198561,18.49394188,24.97652781,9.71,8.40672118,1525.59032,115.85716668,24.14915204,32.54776978,41.15691594,69.14325715,265.2804405,143.9552599,63.32628861,28.6283065,30.2856086,6.59992467,29.86935112,11.64370824,12.66205504,78.69754025,50.74261632,88.5743126,22.62369282,3280.9195,5193.2956
2024-01-16,4.37996811,5.86125886,3.34057174,25.67299725,13.0191093,8.10000292,35.1331371,18.58887998,25.46891394,9.61,8.31352028,1525.06008434,115.61407191,24.3209356,32.59520168,41.05776654,69.80946885,262.24186023,148.93723165,63.5508153,28.78787411,29.90062205,6.60892866,30.07994584,11.71095738,12.64298568,78.8410616,51.68700288,88.65679256,23.04495498,3300.8762,5190.3975
2024-01-17,4.33518316,5.8080553,3.3048437,25.72587675,12.9144681,8.00460674,34.50673233,18.24710282,24.92825466,9.34,8.08051803,1466.985326,112.66992414,23.8688736,31.9691006,39.76882434,68.0487665,256.7076435,144.46769128,60.7849068,29.07885034,28.034918,6.4828728,29.95709892,11.2402134,12.395084,75.587911,51.18756768,87.87781516,22.37476518,3229.082,5061.5395
2024-01-18,4.34414015,5.78145352,3.29591169,26.0695935,13.1586309,7.9785896,35.39640867,18.50343569,25.15996578,9.4,8.23895956,1498.49248706,115.1548929,24.185317,32.9177386,40.93878726,70.25678242,260.02245834,146.71669567,61.98238248,29.68896179,28.3508044,6.47386881,29.89567546,11.37471168,12.5857776,80.371956,51.2148096,89.97647192,23.0258067,3274.7286,5066.9579
2024-01-19,4.37996811,5.74598448,3.28697968,26.20179225,13.2109515,7.95257246,35.5870536,18.48444807,24.99583707,9.41,8.26691983,1520.93913,116.04624039,24.29381188,33.20233,41.05776654,71.27513459,263.48015313,146.9918903,61.61142534,29.73589344,28.9628343,6.42884886,29.1761435,11.45156784,12.43322272,80.38152409,50.97871296,89.95814304,22.7864532,3269.7763,5018.4332
2024-01-22,4.37996811,5.75485174,3.28697968,26.66008125,13.254552,7.8918658,35.84124684,18.16165853,24.94756392,9.05,8.12711848,1527.450796,114.344577,24.12202832,33.3920576,40.43312532,70.86589026,261.81322038,147.71309002,60.30982134,28.99437337,28.55810485,6.34781295,28.92167488,11.22099936,12.27113316,78.42963373,50.25226176,88.85841024,21.89605818,3218.9016,4780.9748
2024-01-23,4.37996811,5.77258626,3.28697968,26.43093675,13.167351,7.94390008,35.73230688,18.77875618,24.7158528,9.18,8.15507875,1506.055322,114.68671038,23.92312104,33.35411208,39.9572082,70.49471517,262.4228415,146.05243277,61.12657785,28.85357842,28.89373415,6.31179699,29.50081036,11.08650108,12.3474106,77.64505035,51.19664832,87.31878432,22.87262046,3231.9329,4865.743
2024-01-24,4.45162403,5.88786064,3.34950375,26.51906925,13.341753,8.09133054,36.46765161,19.48129812,26.01922785,9.41,8.36944082,1512.566988,115.28994555,24.2305232,33.79997194,40.17533688,70.428094,269.566839,145.64438556,61.4031687,29.45430354,28.67656225,6.53689674,30.36951358,11.25942744,12.54763888,78.39136137,51.93218016,88.9867124,22.99708428,3277.1089,4933.7009
2024-01-25,4.48745199,5.9410642,3.3941638,27.2329425,13.4899947,8.238761,37.35732795,19.51927336,27.69913347,9.96,8.9472864,1523.729844,118.04501961,24.47463668,33.98021316,40.8495528,69.75236499,270.37649205,147.086785,61.7936499,30.09257398,28.75553385,7.19418801,30.81702736,11.5764591,12.871818,83.1467021,51.1694064,92.11178644,23.66727408,3342.9189,5073.1779
2024-01-26,4.55910791,6.06520584,3.44775586,27.426834,13.6382364,8.34282956,37.44811125,19.77560623,27.63155106,10.2,9.23620919,1523.09728216,117.945981,24.5921728,33.84740384,39.9572082,62.77617676,270.82418256,142.34205,60.47902986,29.7546661,27.4623739,7.6533915,31.4137124,11.73977844,13.02437288,81.92198658,52.22276064,92.9274216,23.18856708,3333.8213,5027.0932
2024-01-29,4.62180684,6.1184094,3.49241591,27.62953875,13.7079972,8.4122086,37.20299634,19.53826098,27.98877237,10.06,9.31076991,1534.8927,118.64825478,24.85436876,33.2971938,38.9161395,56.49475216,256.231377,139.51418794,58.06455444,29.5669395,26.8108582,7.5633516,31.2820907,11.75899248,12.871818,81.25222028,53.29427616,94.2562654,22.62369282,3303.9604,4927.9137
2024-01-30,4.59493587,6.03860406,3.46561988,27.321075,13.6469565,8.238761,36.48580827,19.40534764,27.47707698,9.79,9.10572793,1500.473894,114.98382621,24.66450272,33.19284362,38.36090286,54.10590735,255.05976141,133.56429025,55.95920997,29.86730206,26.1790854,7.5633516,31.37861328,11.70135036,12.61438164,78.69754025,52.86748608,92.7441328,21.8769099,3245.0387,4814.9908
2024-01-31,4.63076383,6.08294036,3.47455189,27.06549075,13.7167173,8.20407148,36.77631483,19.4623105,27.74740662,9.6,8.89136586,1492.94826858,113.7143313,24.49271916,32.18728734,37.1314503,51.5838202,255.59317989,143.85087573,55.55571273,29.96116536,25.16232605,7.52733564,32.57198336,11.56685208,12.46182676,76.36292629,52.894728,93.87135892,21.02481144,3215.3518,4696.9796
2024-02-01,4.60389286,6.06520584,3.47455189,26.8099065,13.6992771,8.16070958,36.5856699,19.40534764,27.09089178,9.44,8.61176316,1497.71108714,113.8944015,24.37518304,32.6331472,36.84391704,53.1065898,260.22249027,141.41208194,55.60777689,29.92362004,25.51769825,7.33825185,31.8524514,11.65331526,12.633451,77.45368855,53.40324384,92.43254184,21.32160978,3217.7109,4678.7308
2024-02-02,4.63076383,6.13614392,3.51921194,26.64245475,13.6992771,8.03929626,36.4041033,19.15850858,27.2260566,9.49,8.73292433,1484.659848,111.48146082,24.37518304,32.86082032,35.6442093,47.79593082,254.73590019,138.546262,54.341967,29.17271364,25.30052635,7.2932319,32.48423556,11.55724506,12.48089612,75.12864268,52.894728,93.36731472,20.7758838,3179.6276,4563.2221
2024-02-05,4.73824771,6.23368378,3.59066802,27.06549075,13.8126384,8.13469244,36.93064644,19.15850858,28.02739089,9.18,8.64904352,1516.29724238,113.95742607,24.9990286,33.2971938,37.0818756,45.90198613,270.84323322,144.18300718,54.667368,29.1914863,26.6331721,7.48231569,33.45823614,11.68213632,12.50950016,74.50671683,53.9844048,94.84278956,20.92907004,3200.4218,4460.2635
2024-02-06,4.76511868,6.2514183,3.65319209,27.61191225,13.8823992,8.39486384,37.72953948,20.06991434,29.09905482,9.51,8.79816496,1559.078888,119.73767949,25.44204936,34.90039202,40.651254,49.72794475,278.6159025,150.24677851,57.22827387,30.55250415,27.8572319,7.31123988,33.11601972,11.71095738,13.0625116,79.1281043,54.4384368,92.9732438,22.09711512,3311.6922,4805.9013
2024-02-07,4.68450577,6.10067488,3.59066802,27.59428575,13.9259997,8.33415718,38.47396254,20.10788958,29.13767334,9.52,8.83544532,1591.62791562,120.52998837,25.56862672,35.60238414,41.48410896,52.58313775,286.712433,151.4519412,58.42900356,30.90918469,27.86710335,7.48231569,33.86187602,11.7685995,13.11971968,80.371956,55.49179104,92.9274216,22.1641341,3343.6303,5109.5685
2024-02-08,4.62180684,6.0297368,3.53707596,27.673605,13.9957605,8.38619146,38.83709574,20.17434625,29.72660577,10.06,9.29212973,1586.986028,120.27789009,25.47821432,35.44111568,41.51385378,50.55595072,283.26426354,154.52652948,58.95289917,31.58500045,28.5679763,7.45530372,33.40558746,12.008775,13.51064156,80.80252005,54.74717856,92.7441328,22.977936,3364.9297,5150.2288
2024-02-19,4.72033373,6.24255104,3.64426008,27.8674965,14.1091218,8.50760478,38.79170409,19.79459385,29.91004374,9.84,9.14300829,1577.15341234,122.58278865,25.61383292,35.83954364,41.30564004,47.63413655,284.31204984,151.91692523,59.7110835,31.7257954,27.13661605,7.78845135,34.93239918,12.3450207,13.48203752,81.60623961,55.0286784,95.2643538,23.6481258,3403.8078,5141.6037
2024-02-20,4.79198965,6.30462186,3.70678415,27.673605,14.126562,8.51627716,38.44672755,19.92750719,29.53351317,9.9,9.18960874,1553.49746,120.98916738,25.93027632,35.86800278,41.50393884,49.08076767,285.84562797,150.24677851,58.25328702,31.82904503,26.6331721,7.77944736,34.88852528,12.5851962,13.36762136,80.87906477,56.0275488,97.143064,23.25558606,3410.8542,5140.9575
2024-02-21,4.84573159,6.34895816,3.73358018,29.083725,14.5364067,9.3661704,39.57244047,20.29776578,30.25761042,10.21,9.40397081,1597.83260308,126.96749802,26.0839774,37.5660648,41.86087668,51.14602394,287.04581955,152.9702564,59.548383,31.89474934,27.11687315,7.84247529,34.73057924,12.5371611,13.36762136,83.10842974,56.03662944,96.3640866,23.39919816,3456.8713,5139.0372
2024-02-22,4.85468858,6.3400909,3.7514442,28.90746,14.649768,9.4528942,39.6723021,20.63004913,30.4120845,10.15,9.31076991,1598.50237444,127.0395261,26.27384344,39.15977664,42.06909042,51.49816441,281.02581099,152.16365145,59.54512899,32.21388456,27.245202,8.29267479,35.82742674,12.73890852,13.41529476,83.73035559,55.7097264,97.81206812,24.24172248,3486.6747,5176.3431
2024-02-23,4.90843052,6.37555994,3.80503626,29.03965875,14.7020886,9.4095323,40.00820031,20.43067912,30.46035765,10.2,9.32009,1594.51165342,127.58874021,26.20151352,39.34950424,42.02943066,50.99374698,276.43460193,152.3059935,59.44425468,32.46731547,26.8108582,8.16661893,34.9674983,12.969477,13.3008786,83.79733222,54.13877568,95.93335792,24.43320528,3489.7416,5197.7115
2024-02-26,4.76511868,6.17161296,3.69785214,28.42273125,14.3707248,9.13201614,38.99142735,20.25979054,29.3500752,9.98,9.15232838,1576.73480524,125.83305576,25.93931756,38.15422036,41.72206752,52.01209915,276.34887396,148.035732,60.524586,32.18572557,27.07738735,7.95952716,33.8706508,12.6332313,13.40576008,81.94112276,54.7562592,94.54036304,24.5097984,3453.3585,5195.4642
2024-02-27,4.7472047,6.19821474,3.71571616,28.3610385,14.4317655,9.105999,39.14575896,20.37371626,29.3500752,10.06,9.19892883,1571.637101,125.83305576,25.68616284,38.22062502,41.91045138,52.32617038,278.139636,149.77230501,63.0301737,32.80522335,27.74864595,7.99554312,33.85310124,12.64283832,13.3962254,82.46736771,56.22732288,94.81529624,26.96077824,3494.7874,5307.8043
2024-02-28,4.77407567,6.1627457,3.71571616,28.2200265,14.4143253,9.09732662,38.71907745,19.937001,28.96389,9.93,9.05912748,1564.2417089,125.62597503,25.4962968,38.33446158,41.87079162,50.45126031,274.329504,148.99416847,61.175388,32.3828385,26.82072965,7.95952716,34.221642,12.49873302,13.110185,81.54883107,56.13651648,93.1107104,26.21399532,3450.2598,5184.0471
2024-02-29,4.77407567,6.207082,3.74251219,28.237653,14.5189665,9.18405042,38.9460357,20.2218153,29.28249279,10.04,9.10572793,1576.75341,128.07492975,25.6319154,38.57162108,42.27730416,51.85030488,275.45349294,155.16232397,62.2166712,32.80522335,27.2254591,7.95952716,33.8706508,12.59480322,13.29134392,83.3380639,56.87204832,93.477288,28.58838204,3516.0826,5346.7929
2024-03-01,4.78303266,6.23368378,3.78717224,28.1495205,14.4579258,9.09732662,39.02774067,20.24080292,28.91561685,9.89,8.92864622,1567.50684428,128.38104909,25.55054424,38.31548882,42.15832488,52.36423962,276.39650061,156.14922885,62.53556418,33.49042544,27.9756893,7.90550322,33.67760564,12.7293015,13.3008786,82.90749985,58.54288608,93.41313692,29.23942356,3537.8038,5379.0482
2024-03-04,4.76511868,6.207082,3.78717224,27.779364,14.3096841,8.95856854,38.43764922,20.08890196,28.34599368,9.43,8.60244307,1559.3579594,126.34625583,25.44204936,37.90757448,43.5265866,57.10386,277.38713493,155.5324133,61.58864727,32.852155,27.64993145,8.21163888,34.21286722,12.93104892,13.36762136,81.45315017,58.6609344,95.31934044,28.98092178,3540.8686,5388.82
2024-03-05,4.89051654,6.33122364,3.87649234,28.3610385,14.4840861,9.04529234,38.86433073,20.10788958,28.70321499,9.48,8.74224442,1576.8464338,127.48069809,26.0839774,38.83723972,44.18097264,55.41929613,283.77863136,156.24412355,62.09301882,33.34024416,27.82761755,8.14861095,34.7042549,13.3057227,13.31994796,81.328765,59.06048256,96.22662,27.8607474,3565.5143,5351.8268
2024-03-06,4.79198965,6.26028556,3.80503626,28.08782775,14.388165,8.95856854,38.5829025,20.0319391,28.35564831,9.33,8.5744828,1563.3114709,125.20281006,25.767534,37.94552,43.58607624,55.89516163,283.9500873,155.28568708,62.36310165,32.30774786,27.6005742,8.08558302,34.59018276,13.6419684,13.51064156,81.18524365,58.57920864,96.76732196,28.31073198,3551.0481,5350.1016
2024-03-07,4.81886062,6.2957546,3.82290028,28.2024,14.3968851,9.00193044,39.09128898,19.75661861,28.14324645,9.21,8.50924217,1566.17660394,124.47352575,25.8127402,37.33839168,41.5931733,50.30850066,281.97834399,151.97386205,61.46499489,31.86659035,26.8306011,8.16661893,35.17809302,14.15114046,13.43436412,78.7453807,59.7506112,96.64818424,27.42033696,3529.7195,5277.2988
2024-03-08,4.82781761,6.30462186,3.81396827,27.91156275,14.3707248,9.00193044,38.92787904,19.7471248,28.07566404,9.18,8.42536136,1554.82770034,124.62658542,25.5867092,37.11071856,41.53368366,49.33773504,278.40634524,149.933626,61.20467409,31.84781769,27.2057162,8.26566282,34.8797505,14.30485278,13.31994796,77.85554833,60.0230304,99.434174,28.89475452,3544.9099,5349.595
2024-03-11,4.80990363,6.26915282,3.78717224,27.744111,14.388165,9.07998186,39.18207228,20.11738339,28.37495757,9.46,8.82612523,1576.27898862,127.09354716,25.767534,37.94552,43.2291384,52.12630687,290.13202647,171.61706495,64.67019474,32.1012486,27.8967177,8.103591,33.9583986,14.27603172,13.3008786,81.22351601,59.40554688,97.95869916,28.72242,3589.2635,5441.0507
2024-03-12,4.6576348,6.09180762,3.69785214,28.15833375,14.3794449,9.15803328,39.77216373,20.3167534,28.92527148,10.0,9.28280964,1623.26531,133.53105681,25.91219384,40.00406446,44.54782542,54.4390132,290.92262886,176.35231048,66.7397451,32.24204355,28.12376105,7.81546332,32.62463204,13.79568072,13.45343348,83.83560458,58.23414432,94.18294988,27.97563708,3597.4939,5423.7183
2024-03-13,4.63076383,6.08294036,3.67998812,27.779364,14.2224831,8.95856854,38.70092079,20.00345767,27.92118996,9.69,9.01252703,1606.9396331,133.03586376,25.46917308,39.58666374,44.29995192,54.01073425,284.6168604,175.72600546,67.14975036,31.92290833,27.88684625,7.82446731,32.52810946,14.11271238,13.27227456,83.56769806,58.17966048,93.477288,27.91819224,3572.361,5415.1126
2024-03-14,4.64867781,6.08294036,3.71571616,27.54140625,14.2050429,8.87184474,38.53751085,19.7471248,27.81498903,9.71,9.10572793,1596.87445794,134.65649556,25.46013184,39.10285836,46.62996282,50.92712581,283.53097278,174.42594807,69.01104408,31.41604651,27.2057162,7.91450721,32.83522676,14.78520378,13.23413584,84.24703245,58.570128,94.17378544,27.5735232,3562.2229,5392.9267
2024-03-15,4.66659179,6.05633858,3.71571616,27.4797135,14.2922439,9.1927228,38.56474584,19.81358147,27.66051495,9.47,9.03116721,1597.67446262,137.29452399,26.05685368,38.894158,46.72911222,48.83331761,280.49239251,171.759407,68.16174747,31.21893358,27.41301665,7.96853115,32.73870418,15.33280392,13.1578584,85.49088415,58.13425728,93.5689324,27.765006,3569.993,5454.1463
2024-03-18,4.63972082,6.01200228,3.68892013,27.43564725,14.2748037,9.14068852,38.63737248,20.18384006,28.35564831,9.44,8.8540855,1589.08836588,138.2038785,26.31904964,39.0364537,46.87783632,50.83195271,279.15884631,181.21091912,70.94718003,31.45359183,27.6795458,7.97753514,32.25609128,15.15987756,13.31994796,85.80663112,56.62687104,94.51286972,28.28200956,3603.528,5528.447
2024-03-19,4.61284985,5.95879872,3.65319209,27.14481,14.1178419,9.0192752,37.97465439,19.77560623,27.89222607,9.33,8.68632388,1588.86510876,141.68823687,26.30096716,38.61905298,45.57897918,48.35745211,278.87308641,177.69032575,70.5469368,31.27525156,29.0812917,8.0135511,32.75625374,14.91970206,13.4915722,83.7207875,56.8448064,94.55869192,27.82245084,3577.6303,5478.2248
2024-03-20,4.6576348,5.97653324,3.68892013,27.4797135,14.1963228,9.0626371,38.05635936,19.78510004,28.06600941,9.36,8.67700379,1590.3348848,141.31008945,26.219596,38.49573004,45.24187122,47.90062123,278.139636,179.80647756,71.09361048,31.41604651,29.26884925,8.22964686,32.89665022,14.90048802,13.42482944,83.74949177,56.19100032,95.07190056,27.93734052,3585.3838,5493.414
2024-03-21,4.67554878,5.99426776,3.69785214,27.80580375,14.2399233,9.07998186,38.15622099,19.77560623,27.94049922,9.4,8.83544532,1589.776742,141.00397011,26.1291836,38.68545764,45.24187122,47.60558462,276.23457,179.42689876,71.24654895,31.31279688,29.34782085,8.25665883,33.05459626,15.00616524,13.41529476,82.81181895,54.9832752,94.10046992,27.46820766,3581.0902,5465.8286
2024-03-22,4.70241975,6.08294036,3.73358018,27.49734,14.1876027,8.98458568,36.82170648,19.4623105,27.4191492,9.26,8.73292433,1582.6604213,138.14085393,25.9031526,37.78425154,45.53931942,45.59743221,275.55827157,176.98810497,70.59574695,30.72145809,31.4306968,8.17562292,33.29151532,14.78520378,13.3008786,80.66856679,56.86296768,96.58403316,26.69270232,3545.0023,5384.5656
2024-03-25,4.73824771,6.0740731,3.76037621,27.62953875,14.2050429,9.0192752,36.71276652,18.5129295,27.17778345,9.34,9.01252703,1571.18128438,136.60125372,25.65903912,37.59452394,45.76736304,46.5396459,274.21520004,175.3654056,69.7008942,30.64636745,30.07830815,8.35570272,33.79167778,15.12144948,13.93016748,81.14697129,57.1172256,95.310176,26.34803328,3525.7634,5294.7463
2024-03-26,4.77407567,6.15387844,3.77824023,28.55493,14.3532846,9.1927228,37.1303697,18.6078676,27.65086032,9.46,9.04980739,1590.04651102,139.75248222,25.59575044,38.894158,45.87642738,45.16915326,272.59589394,182.0080346,71.4580596,30.36477755,30.55213775,8.29267479,33.37048834,14.91970206,14.063653,81.38617354,56.95377408,95.31934044,25.8980487,3543.7467,5284.4188
2024-03-27,4.80094664,6.1627457,3.82290028,28.4667975,14.4666459,9.13201614,36.90341145,18.37052235,27.15847419,9.21,8.79816496,1582.334838,137.44758366,25.44204936,37.9929519,45.51948954,44.33162998,269.90975088,178.402036,68.97850398,30.45864085,29.03193445,8.25665883,34.08124552,15.10223544,13.90156344,79.58737262,57.81643488,96.51071764,25.0363761,3502.7866,5156.684
2024-03-28,4.70241975,6.05633858,3.72464817,28.3610385,14.1701625,9.09732662,36.93972477,18.33254711,27.5156955,9.24,8.71428415,1582.93019032,137.8437381,25.14368844,37.54709204,45.81693774,44.75990893,266.60446137,179.14221466,67.80706038,30.55250415,29.36756375,8.32869075,33.90574992,15.4673022,13.7776126,82.45779962,58.64277312,97.22554396,26.2810143,3520.9648,5223.806
2024-03-29,4.72929072,6.09180762,3.77824023,28.378665,13.7603178,9.12334376,37.04866473,18.2281152,27.5156955,9.0,8.50924217,1584.1022902,138.21288201,25.2250596,37.38582358,45.57897918,43.95093758,268.09993818,180.45176152,66.07592706,30.18643728,29.03193445,8.89594212,34.30061502,16.15900764,13.90156344,81.73062478,58.31587008,96.92311744,26.79801786,3537.4843,5286.1612
2024-04-01,4.73824771,6.12727666,3.77824023,28.766448,13.8039183,9.22741232,37.44811125,18.42748521,28.41357609,8.98,8.47196181,1601.24657654,141.60720528,25.4510906,37.74630602,45.92600208,45.53081104,269.32870575,187.73967448,68.98826601,30.83409405,29.28859215,8.76988626,33.67760564,16.20704274,14.28295064,83.7207875,60.13199808,95.85087796,26.96077824,3595.6466,5401.2249
2024-04-02,4.78303266,6.17161296,3.81396827,28.68712875,13.5946359,9.1493609,37.221153,18.33254711,28.06600941,8.5,8.22031938,1594.41862962,140.0045805,25.10752348,36.79766802,45.07331724,44.78846086,268.10946351,189.5047159,69.09564834,30.21459627,28.2718328,8.96797404,34.2655159,16.2838989,14.23527724,81.98896321,60.15924,95.71341136,26.55866436,3580.6759,5381.2291
2024-04-03,4.77407567,6.1627457,3.83183229,28.40510475,13.4376741,9.07130948,36.7672365,18.19013996,27.89222607,8.19,8.17371893,1595.46049618,139.1942646,25.01711108,36.5699949,44.37927144,45.02639361,267.96658356,187.55937455,67.73547216,29.82975674,28.3902902,9.16606182,34.73935402,16.82189202,14.13993044,80.8503605,60.59511072,95.8142202,26.06080908,3567.8031,5374.5954
2024-04-08,4.8367746,6.24255104,3.87649234,28.55493,13.4987148,9.04529234,36.51304326,17.96228852,27.21640197,8.0,7.98731713,1550.39046508,132.61269879,24.65546148,35.92492106,45.0138276,43.88431641,263.13724125,184.6650862,68.985012,29.6608028,27.6795458,9.24709773,34.73057924,16.6201446,14.37829744,78.33395283,59.31474048,96.78565084,25.69699176,3536.4077,5298.5912
2024-04-09,4.77407567,6.21594926,3.82290028,28.47561075,13.4812746,9.0192752,36.41318163,17.97178233,26.94607233,7.99,7.91275641,1546.26020836,131.88341448,24.73683264,35.99132572,45.15263676,44.65521852,266.0424669,185.993612,69.01104408,29.88607472,28.08427525,9.11203788,34.82710182,16.34154102,14.35922808,78.46790609,59.06048256,96.00667344,25.86932628,3533.4871,5342.8982
2024-04-10,4.78303266,6.23368378,3.83183229,28.63424925,13.7079972,8.91520664,35.5870536,17.47810421,26.57919639,7.58,7.57723317,1533.01361924,128.85823512,24.58313156,35.4790612,45.0634023,43.37989898,261.5655618,182.90004478,68.93294784,29.26657694,27.33404505,9.24709773,35.21319214,17.28302898,14.65480316,75.61661527,59.17853088,95.93335792,25.36189686,3504.7086,5275.4727
2024-04-11,4.76511868,6.18934748,3.81396827,28.4667975,13.6469565,8.8891895,35.36009535,17.41164754,26.6467788,7.44,7.61451353,1533.032224,128.15596134,24.42943048,34.99525582,44.55774036,41.6858178,258.90799473,182.7671922,69.30390498,29.32289492,27.27481635,9.21108177,35.09912,17.28302898,15.2078146,74.86073616,59.08772448,94.41206088,25.62039864,3504.2447,5301.8094
2024-04-12,4.76511868,6.23368378,3.82290028,28.308159,13.5074349,8.72441428,34.29793074,17.03189514,25.61373339,7.1,7.3628711,1520.03679914,126.49031199,24.02257468,34.30275008,43.71497046,40.81974259,257.79353112,178.77212533,68.5294506,29.02253236,27.4623739,9.24709773,34.86220094,17.66730978,14.89317016,72.69834782,58.92427296,92.6066662,25.81188144,3475.8389,5277.219
2024-04-15,4.85468858,6.33122364,3.90328837,28.93389975,13.7515977,8.92387902,34.82447388,16.84201894,26.56954176,7.14,7.39083137,1556.26956924,132.63970932,24.44751296,34.9573103,44.18097264,40.33435978,264.3279075,187.07541158,69.51216162,29.27596327,27.442631,9.60725733,36.0204719,17.73455892,15.09339844,73.99003997,60.69499776,96.07998896,26.98950066,3549.0759,5339.7223
2024-04-16,4.89947353,6.35782542,3.95688043,28.86339375,13.8911193,8.91520664,34.75184724,16.73758703,26.19301119,7.07,7.456072,1553.49746,130.52388447,24.61929652,34.66323252,43.88352444,39.20179989,255.0883374,187.08490105,68.86461363,29.62325748,26.50484325,9.8143491,36.5908326,17.23499388,14.59759508,72.57396265,62.02985184,96.4099088,26.41505226,3511.1146,5191.554
2024-04-17,4.9263445,6.45536528,3.98367646,29.3481225,14.1091218,9.21006756,35.36009535,17.1837961,26.60816028,7.1,7.53063272,1550.706746,130.8210003,24.73683264,35.35573826,44.01241866,41.06719265,259.62239448,185.98412253,69.310413,30.13950563,26.9293156,9.84136107,36.7663282,17.36949216,15.36036948,73.83695053,62.27502912,97.2347084,27.75543186,3565.403,5339.7467
2024-04-18,4.94425848,6.4730998,4.01047249,29.65658625,14.213763,9.3661704,36.0409701,17.28822801,27.48673161,6.88,7.62383362,1554.22304564,130.53288798,25.0442348,35.74467984,41.9897709,41.33367733,259.2794826,185.57607532,69.5056536,30.00809701,26.70227225,9.56223738,36.29249008,17.74416594,14.99805164,73.10977569,63.56448,96.3640866,27.43948524,3569.8018,5349.8361
2024-04-19,4.97112945,6.5174361,4.05513254,29.6301465,14.1091218,9.27077422,35.78677686,17.21227753,27.11985567,6.7,7.5492729,1531.76710032,128.6601579,25.00806984,35.27984722,41.32546992,40.1630482,258.50793087,181.0590876,68.37651213,30.1301193,26.05075655,9.83235708,36.75755342,17.89787826,15.017121,69.22513115,63.56448,97.83956144,26.83631442,3541.6619,5314.8667
2024-04-22,4.90843052,6.4730998,4.0194045,29.3833755,14.0655213,9.105999,36.15898839,17.35468468,27.47707698,6.69,7.53995281,1558.20446428,130.15474056,25.21601836,36.048244,41.50393884,40.0678751,265.30901649,180.8692982,67.86563256,30.83409405,26.89970125,9.57124137,35.3623634,17.1004956,14.61666444,69.40692486,63.54631872,97.26220172,26.30973672,3530.9045,5267.5811
2024-04-23,4.9263445,6.48196706,4.0194045,29.4186285,13.95216,9.14068852,36.21345837,17.34519087,27.59293254,6.57,7.49335236,1574.22316264,132.37860753,25.24314208,36.01978486,43.69514058,40.57229253,270.9956385,180.23350371,66.72022104,30.5994358,27.23533055,9.31912965,35.0113722,16.37036208,14.2543466,68.62234148,62.10249696,95.91502904,26.328885,3506.2249,5208.2712
2024-04-24,4.89947353,6.41989624,4.01047249,29.4891345,13.8736791,9.13201614,36.8580198,17.34519087,27.95980848,6.54,7.456072,1575.4510768,134.13429198,25.29738952,35.77313898,43.3282878,39.93463276,272.28155805,179.9203512,67.49467542,30.51495883,27.31430215,9.39116157,34.9236244,16.85071308,14.72154592,69.16772261,61.6575456,96.0891534,27.03737136,3521.6219,5263.0391
2024-04-25,4.91738751,6.41989624,4.06406455,30.31758,14.1004017,9.20139518,37.27562298,17.25974658,28.05635478,6.55,7.456072,1574.93014352,134.13429198,25.38780192,36.10516228,43.9231842,39.5920096,271.5671583,183.3365604,67.98928494,30.63698112,28.1731183,9.49020546,35.06402088,16.7162148,14.64526848,68.82327137,61.96628736,95.5851092,26.6161092,3530.2813,5259.3354
2024-04-26,4.8367746,6.31348912,3.97474445,30.388086,14.3271243,9.1927228,37.70230449,18.19013996,28.52943165,6.87,8.05255776,1590.17674434,137.07843975,25.32451324,36.84509992,45.22204134,40.84829452,275.0915304,188.34700056,71.38321737,30.85286671,28.41990455,9.61626132,34.7042549,17.55202554,15.29362672,71.05263634,62.08433568,94.99858504,27.51607836,3584.2686,5372.1209
2024-04-29,4.81886062,6.26915282,3.93901641,30.740616,14.5974474,9.37484278,38.20161264,18.39900378,29.74591503,7.56,8.64904352,1585.125552,136.62826425,25.57766796,37.53760566,45.78719292,42.41865067,287.76974463,198.92775961,72.03727338,31.21893358,29.44653535,9.20207778,34.221642,16.96599732,15.36990416,73.11934378,61.9299648,94.20127876,27.65011632,3623.9124,5478.4908
2024-04-30,4.86364557,6.31348912,3.9300844,30.23826075,14.6933685,9.35749802,37.54797288,18.04773281,29.60109558,7.41,8.30420019,1586.05579,135.43980093,25.86698764,37.24352788,45.76736304,41.56209277,290.13202647,196.9640732,71.1001185,31.07813863,28.824634,9.24709773,34.94994874,16.91796222,15.55106308,71.6649941,63.36470592,94.09130548,27.44905938,3604.3943,5441.1411
2024-05-06,4.80990363,6.26915282,3.88542435,30.740616,14.6672082,9.44422182,38.57382417,18.23760901,30.56655858,7.46,8.22963947,1637.4049276,139.56340851,26.0387712,37.64195584,46.75885704,43.57024518,298.29523428,201.22223036,73.6382463,31.68825008,30.59162355,9.01299399,34.7042549,16.83149904,16.14221324,72.96625434,64.48162464,92.3775552,27.51607836,3657.8767,5528.6036
2024-05-07,4.8367746,6.31348912,3.91222038,30.73180275,14.6672082,9.43554944,38.66460747,18.15216472,30.5086308,7.52,8.63972343,1646.52126,140.40073494,25.6319154,37.68938774,46.82826162,43.44652015,296.8092828,201.12501216,74.80318188,31.56622779,30.4632947,9.11203788,35.03769654,16.7642499,16.08500516,72.44957748,64.5633504,92.67081728,27.20013174,3659.0076,5527.0847
2024-05-08,4.84573159,6.33122364,3.95688043,30.46740525,14.6323278,9.30546374,38.08359435,17.82937518,30.14175486,7.2,8.36944082,1640.91192486,139.554405,25.52342052,37.08225942,46.02515148,42.55189301,290.32253307,197.57654786,73.61546823,30.73084442,29.219492,9.12104187,36.1082197,16.7642499,15.88477688,70.19150824,64.245528,92.58833732,26.45334882,3630.2233,5458.7559
2024-05-09,4.81886062,6.28688734,3.91222038,30.705363,14.7020886,9.33148088,38.43764922,17.95279471,30.16106412,7.3,8.58380289,1633.497928,139.41034884,25.51437928,36.93047734,46.5010686,43.18003547,289.21759479,203.5749108,74.24023815,31.02182065,29.4366639,9.06701793,35.8449763,17.01403242,16.64755128,71.16745342,65.2443984,91.9193332,26.87461098,3664.561,5556.7712
2024-05-10,4.8367746,6.26915282,3.90328837,31.3927965,14.8852107,9.48758372,38.97327069,18.09520186,30.53759469,7.56,9.05912748,1617.66527724,139.04120493,25.2702658,36.8545863,46.08464112,42.68513535,290.25585576,197.839037,74.1263478,31.13445661,29.1207775,9.07602192,35.95027366,17.52320448,16.58080852,70.83257027,65.27164032,92.9274216,26.79801786,3666.2771,5535.3954
2024-05-13,4.84573159,6.28688734,3.91222038,31.64838075,14.9636916,9.51360086,38.71907745,18.01925138,30.40242987,7.42,8.89136586,1586.986028,136.0430361,25.315472,36.65537232,45.14272182,43.96045489,292.36095369,193.8044817,73.4430057,31.18138826,30.1868941,9.02199798,35.78355284,17.46556236,16.56173916,70.29675723,66.02533344,92.55167956,27.37246626,3664.6907,5505.2595
2024-05-14,4.80990363,6.24255104,3.87649234,31.1460255,14.9288112,9.46156658,38.41041423,18.04773281,30.7982697,7.46,8.92864622,1583.24647124,136.25912034,25.18889464,36.3328354,44.94442302,44.86459934,295.4757366,193.47393982,73.18593891,31.47236449,30.6804666,8.94096207,35.33603906,17.76337998,16.14221324,70.49768712,64.32725376,91.873511,27.46820766,3657.0454,5500.7379
2024-05-15,4.81886062,6.24255104,3.87649234,30.89044125,14.8328901,9.39218754,37.98373272,17.80089375,30.54724932,7.73,9.19892883,1581.4046,136.28613087,25.1346472,35.9533802,44.29003698,43.03727582,296.28538965,192.38509598,71.30837514,31.17200193,30.2658657,8.90494611,35.24829126,17.5808466,16.0182624,70.25848487,66.12836416,91.67189332,26.97992652,3626.0559,5446.6557
2024-05-16,4.84573159,6.35782542,3.88542435,31.94803125,15.1555338,9.68704846,39.08221065,17.82937518,31.25203731,8.18,9.48785162,1585.590671,138.69907155,25.10752348,35.573925,44.30986686,43.37989898,297.91422108,194.11557994,71.03829231,31.05936597,31.3517252,8.85092217,34.7481288,17.55202554,16.22802536,70.60293611,65.73022894,90.6363116,27.31502142,3640.3592,5424.6652
2024-05-17,4.89947353,6.33122364,3.91222038,32.47682625,15.434577,9.90385796,41.0340516,18.21862139,31.83131511,9.0,10.4385008,1595.35817,140.82389991,25.41492564,36.048244,44.3693565,42.7327219,294.332697,197.352946,71.45480559,31.62254577,31.2332678,8.93195808,35.00259742,18.04198356,16.2566294,73.18632041,64.48842623,89.96730748,27.1426869,3677.9696,5491.8944
2024-05-20,4.89051654,6.30462186,3.90328837,32.0626035,15.5740986,9.86916844,41.27008818,18.31355949,32.1499179,9.18,10.32665972,1589.776742,141.6252123,25.82178144,36.3802673,43.43735214,42.5423757,292.9038975,197.7904279,72.52212087,31.80088604,31.2135249,9.19307379,35.91517454,18.70486794,16.12314388,74.84159998,63.10443237,89.82984088,26.64483162,3690.9623,5523.5013
2024-05-21,4.9263445,6.33122364,3.93901641,31.939218,15.7223403,10.0165989,41.2156182,18.26609044,32.0533716,9.19,10.42918071,1586.05579,140.94094554,26.36425584,36.95893648,43.4274372,41.60016201,290.97978084,195.95300392,71.19123078,31.74304416,31.46031115,9.12104187,36.82775166,17.9170923,16.13267856,74.06658469,63.08547355,90.59965384,26.24271774,3676.1611,5478.9131
2024-05-22,4.93530149,6.34895816,3.94794842,31.7805795,15.8531418,10.02527128,41.2156182,18.33254711,31.69615029,9.4,10.51306152,1579.27435498,139.66244712,26.42754452,35.96286658,43.16964876,41.99037172,290.522565,199.19036998,70.58598492,31.84911144,32.4375847,9.04900995,36.62593172,17.70573786,16.14221324,74.64067009,62.00482081,90.28806288,26.30973672,3684.451,5468.6068
2024-05-23,4.91738751,6.30462186,3.9300844,31.2870375,15.7921011,9.8865132,40.65276174,17.91481947,31.60925862,9.56,10.16821819,1573.97199838,138.2939136,26.48179196,35.18498342,42.6838167,41.20043499,295.28523,198.65566988,69.94494495,31.31877504,32.09208395,8.92295409,36.854076,17.13892368,15.93245028,72.53569029,62.31764134,90.07728076,25.850178,3641.7917,5362.3053
2024-05-24,4.87260256,6.26915282,3.92115239,30.6172305,15.6002589,9.80846178,39.84479037,17.64899279,30.83688822,8.99,9.89793558,1560.08354504,136.08805365,26.11110112,34.16045438,42.07900536,40.68650025,287.7602193,195.38913836,68.1064293,31.31877504,31.10493895,8.97697803,36.24861618,17.11970964,16.04686644,70.47855094,63.15182942,89.86649864,25.6586952,3601.4754,5313.4546
2024-05-27,4.90843052,6.30462186,3.97474445,30.9697605,15.8967423,9.98190938,40.0354353,17.78190613,30.83688822,8.87,9.85133513,1553.60908856,136.47520458,26.23767848,34.35018198,42.3367938,40.37242902,286.89341427,194.44612182,67.79729835,31.41519984,31.48005405,9.22008576,36.854076,17.4847764,16.23756004,70.23934869,64.07133219,91.94682652,26.09910564,3635.7079,5371.3693
2024-05-28,4.91738751,6.30462186,3.98367646,30.69654975,15.9752232,9.8865132,39.72677208,17.67747422,30.82723359,8.52,9.66493333,1548.51138432,135.07966053,26.01164748,33.97072678,42.90194538,40.22015206,285.64904539,192.2975996,67.48165938,31.42484232,30.71008095,9.35514561,37.6438062,17.3406711,15.69408328,69.34951632,63.54048523,91.415289,25.83102972,3609.1724,5316.1286
2024-05-29,4.89947353,6.26915282,3.95688043,30.46740525,15.7572207,9.76509988,39.46350051,17.70595565,30.36381135,8.58,9.73017396,1557.218412,134.34137271,26.1743898,34.150968,42.65407188,40.22966937,286.55848134,193.26005978,73.1176047,31.5309096,30.7791811,9.44518551,38.1264191,17.7249519,15.52245904,69.60785475,62.42191485,91.4611112,25.66826934,3613.5223,5328.3064
2024-05-30,4.87260256,6.23368378,3.92115239,30.2647005,15.6438594,9.64368656,39.17299395,17.62051136,30.37346598,8.27,9.52513198,1533.962462,131.68533726,25.77657524,34.26480456,42.51526272,39.91559814,285.68733743,193.8044817,74.14587186,31.49233968,31.8452977,9.1840698,37.81052702,16.94678328,15.47478564,68.30659451,61.78679438,91.97431984,25.7065659,3594.3121,5308.66
2024-05-31,4.86364557,6.24255104,3.92115239,30.211821,15.6002589,9.63501418,39.10036731,17.67747422,30.26726505,8.25,9.52513198,1533.4508311,132.0814917,25.59575044,33.9612404,41.99968584,40.07739241,277.75131214,192.25871232,74.52333702,31.44412728,31.38133955,9.13004586,37.14364374,16.72582182,15.42711224,67.933439,61.38865916,91.8276888,25.81188144,3579.9247,5308.5403
2024-06-03,4.87260256,6.26028556,3.93901641,30.09724875,15.521778,9.52227324,39.15483729,17.49709183,30.48932154,8.09,9.54377216,1525.02287482,131.43323898,25.83986392,33.7715128,42.138495,39.972702,283.9354766,196.866855,77.1525771,31.49233968,32.09208395,9.14805384,38.02989652,16.64896566,15.16967588,67.42633023,61.63512382,93.37647916,26.07038322,3588.7483,5274.0687
2024-06-04,4.89947353,6.26028556,3.93901641,30.4409655,15.4781775,9.55696276,39.28193391,17.62051136,30.47966691,8.36,9.84201504,1537.8694616,133.05387078,25.87602888,34.17942714,43.45718202,41.19091768,285.7543485,200.24032654,77.49424815,31.7719716,32.30925585,8.99498601,37.15241852,16.73542884,15.16967588,70.23934869,61.31282388,93.5689324,26.09910564,3615.6714,5341.9496
2024-06-05,4.89051654,6.26915282,3.96581244,29.95623675,15.3037755,9.42687706,39.10944564,17.60152374,30.6051771,8.11,9.62765297,1529.311272,131.23516176,25.78166544,34.16994076,43.54641648,40.8292599,291.27797527,198.44178984,78.35330679,32.22516816,32.4573276,8.79689823,37.5121845,16.3799691,15.03619036,70.17237206,60.59238872,93.18402592,26.00336424,3594.7936,5277.9405
2024-06-06,4.89051654,6.28688734,3.95688043,29.96505,15.3212157,9.4528942,38.53751085,17.55405469,30.13210023,8.02,9.59037261,1525.41357478,130.4608599,25.92321924,33.90432212,42.54500754,40.52470598,291.67046868,199.09315178,77.6081385,31.93589376,32.6744995,8.99498601,38.74942848,16.89874818,15.40804288,69.28253969,62.33660016,94.13929196,26.07995736,3592.2454,5228.8002
2024-06-07,4.94425848,6.3844272,4.0134099,29.95623675,15.2863353,9.53094562,38.23792596,17.44962278,29.91969837,8.17,9.71153378,1506.22276484,128.15596134,25.53630552,33.63870348,41.7914721,40.34387709,286.97012077,187.8255624,76.6319355,31.93589376,31.786069,8.99498601,38.7406537,17.06206752,15.41757756,69.4643334,61.76783556,94.588823,25.64912106,3574.1143,5208.9798
2024-06-11,4.87260256,6.31348912,3.92861955,29.401002,15.1816941,9.42687706,37.97465439,17.41164754,29.81349744,8.01,9.53445207,1459.543422,124.68060648,25.21545024,33.5343533,42.35662368,40.41049826,289.55483347,183.51879614,79.60284663,32.302308,31.3714681,8.84191818,38.11764432,16.517948,15.18874524,67.98127945,61.616165,94.19548334,25.78315902,3542.8771,5217.4702
2024-06-12,4.8367746,6.33122364,3.9191984,29.16304425,15.0683328,9.43554944,37.5842862,17.35468468,29.61075021,7.89,9.42261099,1462.03645984,124.1584029,25.49855784,33.70510814,41.7418974,43.18955278,283.56212921,180.4369792,79.0399029,31.70447424,32.9903859,9.00399,39.1793927,16.72199324,15.32223076,68.15350507,61.76783556,94.0269092,26.34803328,3544.1225,5232.9534
2024-06-13,4.86364557,6.3400909,3.9757253,28.9250865,14.9724117,9.3661704,37.4935029,17.33569706,29.49489465,7.71,9.18960874,1446.52939238,121.15123056,25.35700404,33.59127158,41.70223764,42.827895,283.51426416,180.02866276,82.32319899,31.31877504,32.80282835,8.92295409,39.11796924,16.33333564,14.84549676,67.7420772,60.59238872,94.87914513,26.5203678,3526.1306,5194.59
2024-06-14,4.9263445,6.32235638,4.00398875,29.79759825,15.2252946,9.45909312,38.01096771,17.68696803,30.32519283,7.94,9.32009,1446.52009,122.15962368,25.64011164,34.09404972,41.5435986,41.5906447,286.3287291,179.74672998,82.34272305,31.75268664,33.90843075,8.85092217,38.9161493,16.60539596,14.95037824,67.8694592,62.19440901,94.57009254,26.63525748,3541.5331,5213.0927
2024-06-17,4.86364557,6.26915282,3.92861955,29.72709225,15.1380936,9.3847584,37.74769614,17.71544946,30.26726505,7.65,9.1336882,1433.961877,122.20464123,25.36644096,34.11302248,42.16823982,41.84761207,283.34194998,182.9646524,83.69639121,31.0487856,36.524365,8.68885035,38.20539212,16.55681376,14.91223952,67.3796392,61.17063273,92.6221247,26.5682385,3536.1986,5207.128
2024-06-18,4.88155955,6.2957546,3.9380407,29.70946575,15.1642539,9.36617472,37.88387109,17.76291851,30.15140949,7.53,8.99388685,1415.357117,120.54799539,24.9134688,34.16994076,41.61300318,40.47711943,280.41260892,185.03540006,83.18551164,31.29949008,37.50163855,8.78789424,38.23171646,16.44021648,15.27455736,67.8792556,61.46449444,93.61483908,27.11396448,3545.5902,5230.8913
2024-06-19,4.9263445,6.37555994,3.9757253,30.09724875,15.3648162,9.4312176,38.128986,17.59202993,30.2189919,7.47,8.98456676,1425.213009,120.84511122,24.83797344,33.8414019,41.00819184,39.91559814,280.79552932,183.75211982,82.651854,31.07771304,37.58061015,8.90494611,38.11764432,16.82887408,15.08386376,66.1354964,60.668224,95.00089312,27.02779722,3528.749,5168.8204
2024-06-20,4.94425848,6.41102898,3.9945676,29.97386325,15.085773,9.3382992,37.68414783,17.44962278,30.42173913,7.21,8.75156451,1424.3584509,119.0264022,24.2056998,33.50318115,40.2546564,39.10662679,282.23148082,182.76049418,81.8383515,30.5184492,36.7810227,9.05801394,39.16184314,17.06206864,14.97898228,64.0292704,61.11375627,95.0570845,26.30016258,3503.2817,5094.5653
2024-06-21,4.93530149,6.40216172,3.94746185,29.7006525,15.1293735,9.29184,37.82940111,17.50658564,30.32519283,7.19,8.79816496,1396.727739,117.2257002,24.32837976,33.19395075,39.69941976,38.53558819,278.55544498,180.00921912,81.56826867,30.7112988,37.2351094,8.97697803,38.70555458,16.82887408,15.4141394,63.3435224,60.62082695,96.04043365,26.76929544,3495.6198,5102.3292
2024-06-24,4.98904343,6.4287635,4.00398875,30.02674275,15.1904142,9.27325632,37.9474194,17.48759802,30.19968264,6.99,8.63972343,1401.99751395,117.97299153,24.50768124,34.1892861,39.94729326,38.46896702,282.72927734,181.77859036,81.33072594,30.29667216,37.3930526,9.03100197,38.8284015,16.97462068,15.4528198,63.1671872,61.50241208,95.9936075,25.850178,3476.8102,4992.9097
2024-06-25,5.0159144,6.45536528,4.0134099,30.2294475,15.1032132,9.36617472,37.72046115,17.20278372,29.76522429,7.11,8.74224442,1411.58755485,118.40516001,24.31894284,34.0733247,39.3623118,38.53558819,280.6806532,181.13695024,82.65510801,29.81454816,36.6823082,9.04900995,38.54760854,16.8580234,15.8202836,61.71732,61.89106789,95.8999552,25.33317444,3457.9023,4948.6343
2024-06-26,5.04278537,6.48196706,4.0322522,30.0179295,15.1119333,9.36617472,37.81124445,17.4686104,29.88107985,7.19,8.61176316,1414.02779298,118.2160863,24.52655508,33.75443085,39.5606106,39.22823264,282.403795,180.34948282,82.23534072,29.93025792,37.708939,8.9384336,38.3896625,16.77057544,15.8686341,63.0986124,60.90520925,96.14345118,26.25229188,3480.2648,5020.4318
2024-06-27,5.1054843,6.5617724,4.0699368,30.1941945,15.2165745,9.41263392,37.60244286,17.4686104,29.93900763,7.0,8.36012073,1415.23366941,116.73050715,24.31894284,33.7061136,38.90622456,38.36971872,281.9251445,179.85367,81.1875495,29.61205608,38.35058325,8.92921872,38.170293,16.4207836,15.7235826,61.668338,60.7630181,98.13824517,25.73528832,3454.1175,4928.0514
2024-06-28,5.1054843,6.5617724,4.1076214,30.13250175,15.3648162,9.4312176,37.54797288,17.30721563,29.97762615,6.93,8.16439884,1393.30001151,115.28094204,24.38500128,33.30991215,38.13285924,38.23313696,278.48843391,175.02192546,81.43160025,29.80490568,38.80466995,9.50975616,38.93369886,17.07178508,15.955665,61.2177036,61.1421945,100.6762225,26.77886958,3461.657,4942.7817
2024-07-01,5.21296818,6.71251582,4.1829906,30.282327,15.4781775,9.6170544,37.78400946,17.2787342,30.26726505,7.29,8.67700379,1367.65377342,115.5150333,24.50768124,33.242268,37.94447538,37.71607744,272.85950403,171.17208474,80.3089668,29.70848088,38.40981195,9.61111984,39.73220384,17.52845776,15.8879743,61.2275,60.75353869,100.63876158,26.94162996,3478.1827,5003.1608
2024-07-02,5.34732303,6.8277902,4.2583598,30.916881,15.6264192,9.6635136,38.28331761,17.26924039,29.8328067,7.13,8.41604127,1415.4330663,118.45017756,24.31894284,33.00068175,37.15128018,37.35511136,273.0222452,171.18180656,79.38808197,29.04314976,38.58749805,9.82306208,40.1884924,17.33412896,15.1337065,60.5515484,59.720283,102.00608516,26.54909022,3471.7857,4949.4771
2024-07-03,5.27566711,6.74798486,4.23009635,30.3704595,15.434577,9.57988704,38.37410091,17.44962278,29.84246133,7.16,8.49992208,1424.2635,117.945981,24.35669052,33.00068175,38.34107298,37.7551008,268.6186606,174.506669,79.1049831,29.09136216,38.39006905,9.74012816,39.7058795,17.38271116,15.085356,66.5959272,59.74872123,103.21419983,26.53951608,3463.4141,4910.9245
2024-07-04,5.33836604,6.81892294,4.26778095,30.59079075,15.3648162,9.53342784,38.11082934,17.12683324,29.65902336,6.94,8.24827965,1410.72350166,117.57683709,24.16795212,33.0683259,38.1229443,36.6819584,271.873484,174.6038872,79.60284663,28.686378,38.3604547,9.80463232,39.8375012,17.65477148,15.1046962,63.43169,61.2369886,102.22148545,26.31931086,3445.8128,4834.4982
2024-07-05,5.22192517,6.70364856,4.2018329,29.859291,14.9898519,9.26396448,37.33009296,16.90847561,28.94458074,6.88,8.2016792,1379.636577,116.10026145,24.0169614,32.57548995,39.68950482,37.09170368,273.72107493,172.67896684,78.75680403,28.76351784,38.23212585,9.71248352,39.5742578,18.11144416,15.2980982,64.3917372,60.668224,101.144484,26.31931086,3431.0605,4866.2647
2024-07-08,5.27566711,6.79232116,4.2395175,29.95623675,15.0683328,9.22679712,37.07589972,16.6141675,29.20525575,6.67,7.96867695,1348.30278,113.36319441,23.7810384,32.2179423,38.87647974,35.96978208,268.3314703,171.01653562,79.71999099,28.28139384,38.86389865,9.83227696,40.07309922,17.9268318,15.0466756,61.815284,60.88625043,102.46498143,26.0416608,3401.7604,4783.6165
2024-07-09,5.32045206,6.80118842,4.26778095,30.37927275,15.24462479,9.35688288,37.69322616,16.95594466,29.51420391,6.71,7.97799704,1365.42242727,114.40760157,23.5923,32.7011148,38.65835106,36.35025984,269.10688411,170.88043014,82.1962926,28.35853368,40.85793155,9.80463232,40.0915746,18.28634008,14.795253,61.864266,60.7630181,101.87497194,27.64054218,3439.8111,4876.899
2024-07-10,5.374194,6.86325924,4.28662325,30.564351,15.41163833,9.42192576,38.00188938,17.25025277,30.19002801,6.65,7.94071668,1365.00464331,113.93041554,23.71497996,32.98135485,39.07477854,36.62342336,266.9912489,168.2360951,82.1637525,28.36817616,40.5519166,9.51897104,38.53040499,17.85881672,15.0079952,62.060194,60.48811521,100.73241388,27.6213939,3428.9657,4844.1624
2024-07-11,5.31149507,6.81892294,4.24893865,30.7418916,15.29101744,9.41263392,38.07451602,17.39265992,30.19983625,6.81,8.09915821,1388.26761381,117.47779848,24.2528844,33.42587355,40.2546564,37.87217088,270.06418511,172.08593582,82.34597706,29.0238648,41.54632446,9.63876448,38.50269192,18.33492228,15.7816032,65.9591612,60.5734299,100.3952656,27.87989568,3468.169,4939.7318
2024-07-12,5.44584992,6.89375797,4.333729,31.769736,15.66215864,9.57988704,38.74631244,17.43063516,30.86550525,6.95,8.40672118,1404.15289938,118.9625528,24.064146,33.4741908,41.12155181,37.8526592,269.001581,174.7983236,85.45681062,28.95636744,40.69113444,9.51897104,38.06852049,17.95598112,15.762263,66.37061,61.616165,101.06019693,27.40118868,3472.4014,4919.3639
2024-07-15,5.5533338,7.09954179,4.4467828,31.56416712,15.80133659,9.59847072,38.61013749,17.52557326,30.80676975,6.83,8.388081,1400.4308241,119.05593,24.05470908,33.1842873,40.63331434,37.1209712,265.6510275,173.16505784,85.16069571,28.95636744,40.76074293,9.64797936,39.15856791,18.28634008,15.7525929,65.5183232,61.55928854,102.2683116,27.2442627,3476.2467,4883.8971
2024-07-16,5.55333349,7.07148036,4.43736165,31.57351116,15.773501,9.5705952,37.39364127,17.78190613,30.54246,6.92,8.4812819,1401.475284,119.03725456,24.10189368,33.09731625,40.80270285,37.55022816,260.1944118,174.3122326,84.27560499,29.168502,42.92855019,9.68483888,39.17704329,18.66528124,15.7235826,66.0963108,60.92416807,103.4857915,27.88172745,3498.2827,4898.3626
2024-07-17,5.57219031,7.08083417,4.4467828,31.83514428,15.9590716,9.6635136,38.39225757,17.89583185,31.4234925,7.12,8.71428415,1425.5928126,122.10002672,24.535992,33.9187095,41.58986122,38.26240448,269.001581,175.85800198,84.44481351,29.19742944,41.81481435,9.29781392,38.53964268,17.94626468,15.5301806,69.0744164,59.55913303,101.74385872,27.45021285,3501.5836,4856.5794
2024-07-18,5.57219031,7.11824941,4.4467828,31.85383236,15.8662863,9.67280544,38.46488421,18.00975757,31.55075275,7.14,8.83544532,1421.89922259,122.4175092,24.73416732,34.5758241,41.99838645,38.36971872,273.82637804,183.1104797,85.06958343,28.94672496,40.72096665,9.3991776,38.84448645,17.9268318,15.8009434,68.7413388,60.5734299,104.92803692,27.25406985,3520.931,4877.6916
2024-07-19,5.57219031,7.06212655,4.43736165,32.003337,15.89412189,9.63563808,39.06405399,18.40849759,31.35496775,7.06,8.56516271,1448.58992058,124.58386024,24.9134688,35.04933315,42.07809869,38.6331264,273.07011025,184.17015808,85.92538806,29.2167144,39.92544105,9.18723536,38.77058493,17.43129336,15.858964,68.4082612,60.2890476,106.0144036,27.56789865,3539.0156,4872.0532
2024-07-22,5.50619144,6.94988083,4.3714136,31.15302936,15.56937334,9.50555232,39.036819,19.16800239,31.00255475,6.98,8.51856226,1423.313991,122.52956184,24.6303612,34.4985165,42.61615631,39.09165088,272.01707915,184.24793264,86.42975961,29.28421176,39.49784604,8.87392944,38.54888037,17.1009344,15.7332527,67.2816752,60.31748583,103.19546937,27.33252705,3514.9249,4865.9778
2024-07-23,5.66647441,7.09018798,4.4656251,31.15302936,15.71782982,9.45909312,38.84617407,18.2281152,30.4054105,6.85,8.39740109,1381.535595,118.4022896,23.98865064,33.2615949,41.26104823,38.2428928,264.7894566,181.0202884,82.40129523,28.52245584,38.21506101,8.76335088,37.92995514,16.05155888,15.47216,65.3713772,59.13255958,103.91659208,26.5773765,3439.8779,4722.7994
2024-07-24,5.71361646,7.09954179,4.49388855,31.00352472,15.61576599,9.41263392,38.63737248,17.92431328,29.90615875,6.65,8.13643857,1367.31195018,117.71129832,23.6394846,32.82673965,41.2510842,37.7063216,259.31369488,181.13695024,81.34699599,28.27175136,37.66813716,8.80942528,38.57659344,16.06127532,15.4528198,63.8627316,56.95229528,104.87184554,26.41065495,3418.1663,4668.0621
2024-07-25,5.71361646,7.1088956,4.4467828,30.67648332,15.50442363,9.37546656,38.64645081,18.05722662,30.08236525,6.7,8.21099929,1358.26312941,117.44984216,23.63004768,33.09731625,41.31086838,38.30142784,258.2798098,182.50772686,81.47715639,28.2524664,36.88255563,8.44083008,38.10547125,14.99246692,15.182057,65.39097,56.3076954,103.93532254,26.2243191,3399.2716,4665.4488
2024-07-26,5.59104713,6.94052702,4.3525713,30.24665748,15.30029597,9.31971552,38.65586949,18.28507806,29.94531575,6.84,8.31352028,1350.38220471,117.8420264,23.66779536,33.17462385,40.92227121,38.57459136,256.50880295,184.0826617,82.96098495,28.4935284,37.70791344,8.3855408,37.6897752,15.4005574,15.4624899,65.7534368,59.56861244,99.271438,26.41065495,3409.2931,4736.3771
2024-07-29,5.63818918,7.07148036,4.4279405,30.3214098,15.51370216,9.39405024,38.87224452,17.92431328,30.57182775,6.69,8.00595731,1327.43257218,115.8811052,23.34694008,32.42087475,40.34435747,38.047776,246.2178172,179.39674446,82.0552837,28.06925928,38.16534066,8.42240032,37.72672596,15.65318484,15.0950261,63.5688396,59.60653008,99.8333518,26.1458619,3390.742,4708.8443
2024-07-30,5.64761759,7.08083417,4.4279405,30.29337768,15.48586657,9.36617472,38.88165213,17.96228852,30.2879395,6.75,8.15276259,1310.31292491,115.12474988,23.0260848,32.469192,39.85612,39.69651296,237.54467014,179.74672998,80.34566137,27.64499016,37.25048622,8.09066464,36.7660062,15.45885604,15.0950261,63.6178216,57.88127746,100.83543141,26.2439334,3369.3821,4699.282
2024-07-31,5.51561985,6.95923464,4.32430785,30.58304292,15.54153775,9.54271968,40.03878816,18.7977438,31.521385,7.09,8.63233686,1349.51815152,118.45831592,23.67723228,33.9573633,42.05817063,41.50134336,246.13166011,181.12722842,81.37999935,28.03068936,38.01617961,8.26574736,36.71981775,16.10985752,15.6172115,67.2131004,60.44071816,98.44729776,26.8912053,3442.0844,4886.4136
2024-08-01,5.54390508,6.99664988,4.36199245,30.56435484,15.43947392,9.54271968,39.99175011,18.58887998,31.55075275,6.9,8.27999658,1316.17139544,115.787728,23.120454,33.44520045,41.79910585,41.2672032,244.33193423,175.2844146,80.4411894,27.74141496,37.61841681,8.32103664,36.40573629,16.15843972,15.2594178,65.831808,60.27008878,98.35364546,26.6362194,3419.2666,4852.9725
2024-08-02,5.54390508,7.0153575,4.38083475,30.16256112,15.32813156,9.42192576,39.34262502,18.23760901,31.06129025,6.81,8.11361367,1315.49724405,115.5075964,23.06383248,33.48385425,42.01831451,41.86230944,249.23331535,172.16371038,77.33817546,27.36535824,36.98199633,8.16438368,36.12860559,15.50743824,15.1337065,65.244024,59.71080359,99.82398657,26.09682615,3384.3919,4788.6159
2024-08-05,5.53447667,7.03406512,4.36199245,29.9943684,15.19823214,9.3382992,39.511962,18.15216472,31.638856,6.78,8.08425198,1338.81718509,117.655272,22.95058944,33.7254405,42.49658795,41.45256416,249.4726406,172.076214,76.15231026,26.54574744,34.31698557,7.75892896,35.53739343,15.18679572,14.9112942,65.0774852,58.44056265,98.73761989,25.33186845,3343.3205,4693.8478
2024-08-06,5.4684778,6.94988083,4.30546555,29.6206068,15.04049713,9.22679712,38.4771249,18.14267091,29.720163,6.88,8.39744334,1333.7752923,117.5618948,22.94115252,34.10231505,42.75565273,42.3403456,250.13317829,170.0832409,75.41443858,26.73859704,35.19206373,7.82343312,35.24178735,14.9147354,14.9499746,66.6547056,56.80062472,97.85728827,25.54762575,3342.9789,4750.776
2024-08-07,5.48733462,6.97794226,4.28662325,29.50847832,15.14256096,9.22679712,38.2889727,18.00975757,29.00554775,6.79,8.28978381,1344.0299895,118.589044,22.75241412,33.85106535,41.99838645,41.8525536,251.8658931,168.83884794,75.41773265,26.53610496,34.88379756,7.91558192,35.91613872,15.04104912,14.795253,65.2734132,57.5400187,97.34220062,25.5378186,3341.489,4751.9408
2024-08-08,5.53447667,6.97794226,4.30546555,29.83551972,15.25390332,9.23608896,38.40186402,18.10469567,28.937023,6.92,8.29957104,1358.45303121,119.8496362,23.01664788,34.52750685,42.42683974,41.46232,252.727464,167.6041768,74.59421515,26.60360232,35.32133664,7.8787224,35.92537641,14.77870524,14.7855829,64.6758328,57.78648336,97.34220062,25.4201328,3342.9369,4755.8149
2024-08-09,5.58161872,7.03406512,4.34315015,30.20928132,15.18895361,9.32900736,38.20430421,17.93380709,28.741238,7.18,8.36808165,1364.2545312,119.59751776,22.82790948,34.29558405,42.26741526,40.486736,248.68765378,165.27094,76.29724934,26.2275456,36.12680631,8.05380512,36.07317945,15.0036705,14.9016241,63.5100612,57.3504305,95.525346,25.31225415,3331.6274,4720.3104
2024-08-12,5.64761759,7.1088956,4.3714136,30.01305648,15.10544684,9.30113184,38.21371182,17.91481947,28.86849825,6.88,8.08425198,1363.5898749,119.25202212,22.9789002,34.2859206,43.47306289,40.36966592,250.812862,164.298758,75.8953728,26.16004824,36.22624701,8.02616048,36.3041217,15.023232,14.8339334,62.647978,58.18461858,93.78341322,25.05726825,3325.8645,4714.1586
2024-08-13,5.657046,7.16501846,4.3902559,29.84486376,15.14256096,9.2453808,38.36423358,18.09520186,29.054494,6.83,8.05489029,1351.16080209,117.2817632,22.73354028,33.83173845,42.51651601,40.1940608,245.24137018,168.94578796,75.34526311,26.1793332,36.793059,8.09987952,36.10089252,15.1992855,14.7565726,62.8634988,58.16565976,94.3078661,25.3416756,3334.3903,4731.8353
2024-08-14,5.67590282,7.14631084,4.3902559,29.77011144,15.10544684,9.21750528,38.09141289,17.89583185,28.819552,6.78,7.98637968,1341.9410697,116.09587276,22.49761728,33.42587355,42.3471275,38.89653408,241.27814404,167.41946222,74.6436262,26.275758,36.36546399,8.09066464,36.14708097,15.062355,14.4954799,61.9524336,57.7296069,96.42440808,25.2239898,3309.2389,4667.0731
2024-08-15,5.70418805,7.21178751,4.4090982,30.61107504,15.39308127,9.31971552,38.87224452,18.18064615,29.563535,6.91,8.03531583,1354.84489701,116.6748114,22.70522952,34.015344,42.76561676,39.15018592,242.15886096,168.5763588,76.25442643,26.4686076,36.50468097,8.16438368,37.12627611,15.2384085,14.8049231,62.598996,57.824401,98.27872362,25.4789757,3341.953,4698.375
2024-08-16,5.78904374,7.37080228,4.4844674,30.9754926,15.51370216,9.41263392,39.14506521,18.1331771,30.033419,6.8,8.00595414,1358.9372808,116.73083772,22.67691876,33.7254405,42.96489736,39.23798848,243.12573497,168.79023884,77.44687977,26.55538992,36.83283528,8.30260688,37.44035757,15.52205025,14.7855829,62.1973436,58.52587734,98.20380178,25.5378186,3345.634,4670.3789
2024-08-19,5.91161307,7.52981705,4.60694235,31.22778168,15.72710835,9.56130336,39.57781527,18.07621424,30.72845575,6.8,8.00595414,1353.46810896,115.7410394,22.56367572,33.5321715,41.95853033,38.79897568,244.6861356,170.7151592,77.54899594,25.75506408,36.51462504,8.35789616,37.27407915,15.8643765,15.1046962,62.109176,59.11360076,98.2412627,25.6555044,3356.9677,4682.9628
2024-08-20,6.02475399,7.65141658,4.6352058,31.28384592,15.62504452,9.60776256,39.43670112,17.97178233,30.61098475,6.67,7.86893292,1350.88544448,114.9940218,22.21450968,33.242268,42.09802675,38.3404512,240.282551,170.00546634,77.89816736,25.49471712,36.42512841,8.19202832,36.66439161,15.69810375,15.1143663,60.9140152,59.73924182,98.47539345,25.1259183,3332.7034,4602.0095
2024-08-21,5.9398983,7.58593991,4.58810005,31.05958896,15.56009481,9.6170544,39.48373917,17.96228852,30.53267075,6.55,7.70255001,1346.00496822,114.1069384,22.07295588,33.435537,42.15781093,37.79412416,239.05720572,169.16938982,79.387087,25.58149944,37.1908218,8.22888784,36.73829313,15.805692,15.1143663,60.0911176,59.87195356,97.8666535,24.7728609,3321.635,4587.1218
2024-08-22,6.05303922,7.68883182,4.62578465,31.1156532,15.60648746,9.64492992,39.23914131,17.78190613,30.72845575,6.47,7.79063508,1338.85516545,112.97707428,21.73322676,33.21327765,43.77198379,36.5844,238.367949,173.8261416,79.22897164,25.28258256,37.5885846,8.2012432,36.88609617,15.81547275,15.0370055,59.0429028,60.75353869,98.85000265,23.6156172,3313.1357,4533.3695
2024-08-23,6.09075286,7.70753944,4.6352058,31.4894148,16.07041396,9.72855648,40.78198935,18.1331771,31.3843355,6.41,7.74169893,1343.54573991,113.08912692,21.88421748,33.50318115,43.46309886,36.57464416,235.18013667,176.7426876,78.84027138,25.6007844,37.67808123,8.22888784,37.20941532,15.7078845,15.4238095,59.709058,62.05221786,98.85936788,23.9098317,3327.1905,4537.0872
2024-08-26,6.06246763,7.70753944,4.6352058,31.55482308,16.21887044,9.74714016,40.78198935,17.96770872,31.76611625,6.53,7.84935846,1340.706708,110.29714864,21.55392528,33.15529695,43.16417796,37.20877376,223.97014196,178.80371344,78.86332987,25.43686224,37.14110145,8.3394664,37.27407915,15.85459575,15.4818301,59.562112,62.86744712,99.31826415,23.95886745,3324.2231,4544.3594
2024-08-27,6.15675173,7.81978516,4.6917327,31.4894148,16.07969249,9.69138912,40.59383715,17.96770872,32.10874,6.31,7.6340394,1333.17710163,109.9049644,21.36518688,33.048999,43.4431708,37.14048288,225.59755366,178.395397,79.3212056,25.20544272,36.33563178,8.58826816,38.5211673,15.71766525,15.5205105,58.4649152,62.55462659,100.83543141,23.4390885,3305.3338,4495.2856
2024-08-28,6.11903809,7.72624706,4.6540481,31.47072672,15.96835013,9.59847072,40.63146759,17.93850876,31.912955,6.22,7.54595433,1318.868001,106.450008,20.997147,32.662461,43.3435305,37.3648672,216.84782252,177.73431324,78.02004795,25.2632976,36.3952962,8.45925984,38.25327429,15.4731465,15.5882012,59.1800524,61.54980913,100.8635271,23.52735285,3286.4956,4500.0088
2024-08-29,5.86447102,7.39886371,4.43736165,30.76992372,15.48586657,9.41263392,40.09523382,18.28890828,31.8150625,6.24,7.54595433,1341.9410697,110.91343816,21.58223604,32.84606655,44.16058096,37.76485664,218.4560882,175.7705056,77.36123395,25.23437016,37.02177261,8.2012432,37.64358675,15.58073475,15.3561188,58.2689872,60.62082695,99.6460472,23.8509888,3277.6812,4557.9006
2024-08-30,5.63818918,7.04341893,4.2583598,30.0410886,15.31885303,9.44050944,41.42170683,18.77557428,32.6765165,6.76,7.94723076,1370.32189371,114.88196916,21.35574996,35.754765,43.97126439,38.22338112,240.0910908,179.21202988,82.16069394,25.76470656,39.19952394,8.22888784,37.45883295,15.6492,15.5882012,59.7678364,61.37917975,98.32554977,24.35115345,3321.4323,4639.1144
2024-09-02,5.60047554,6.99664988,4.41851935,29.83551972,15.3095745,9.39405024,40.87606545,18.41544144,33.44986725,6.42,7.68297555,1324.565055,111.118868,20.42149488,34.74010275,43.7420917,36.81854016,235.95555048,176.14965658,79.4200277,25.23437016,38.33438985,8.30260688,37.94843052,15.26775075,15.7719331,57.7301852,61.83419143,98.6034105,23.733303,3265.011,4546.8832
2024-09-03,5.43076416,6.84698892,4.2206752,29.54585448,15.17967508,9.36617472,40.65028281,18.61010784,33.48902425,6.52,7.72212447,1338.80769,112.35144704,20.95939932,34.8657276,44.41964574,37.45266976,236.92242449,180.4855883,81.38988156,25.4561472,38.41394241,8.02616048,37.11703842,15.15038175,15.8396238,57.9359096,62.53566777,98.88130155,23.8902174,3273.4282,4596.4819
2024-09-04,5.38362211,6.8282813,4.2583598,29.30290944,15.06833272,9.31042368,40.11404904,18.61010784,33.07787575,6.46,7.5361671,1329.3126,111.22158292,20.92165164,34.21827645,44.34989753,38.4380096,237.23833382,181.9438613,82.45716024,25.59114192,37.62836088,7.602276,36.63667854,14.358141,15.8106135,57.357922,62.07117668,98.4884211,23.76272445,3252.1649,4582.084
2024-09-05,5.30819483,6.7347432,4.2395175,29.1534048,15.1240039,9.35688288,40.84784262,18.60037452,33.39113175,6.59,7.62425217,1333.94620392,111.6324426,21.25194384,34.46952615,44.838135,38.69166144,239.21037388,181.6035976,83.29055995,25.53328704,37.02177261,7.49169744,35.76833568,14.358141,15.8879743,57.5342572,60.27956819,97.4151867,23.97848175,3257.7578,4601.0911
2024-09-06,5.31762324,6.71603558,4.24893865,29.200125,15.20751067,9.36617472,40.68791325,18.55170792,33.28345,6.47,7.52637987,1327.413582,109.74622316,21.00658392,34.29558405,44.2402932,37.8526592,231.7625721,180.7772429,82.8788012,25.2150852,35.6992113,7.40876352,35.14017276,14.436387,15.5978713,55.6631448,59.73924182,97.6451655,23.62542435,3231.3457,4537.4544
2024-09-09,5.28933801,6.65991272,4.2583598,28.25637696,14.81781241,9.1524624,40.15167948,18.47384136,33.03871875,6.37,7.37957142,1305.574875,108.52298184,20.82728244,34.08298815,44.38975365,38.44776544,234.16727028,179.9994973,82.34516186,24.42440184,35.68926723,7.20603616,34.38268218,13.83976125,14.7372324,54.4581876,57.90971569,96.0736437,23.07622395,3192.9516,4507.1866
2024-09-10,5.34590847,6.8282813,4.333729,28.20965676,14.91059771,9.1989216,40.13286426,18.37650816,33.07787575,6.3,7.29148635,1308.423402,108.71907396,20.7140394,34.27625715,44.32000544,36.37952736,234.644348,176.12049112,82.23645755,24.9258108,36.30579957,7.2797552,34.63209981,13.9082265,14.7855829,53.9585712,57.58741575,97.6643304,23.3998599,3195.7552,4507.7074
2024-09-11,5.22333914,6.65991272,4.2018329,28.10687232,14.6600774,8.9666256,40.00115772,18.493308,32.94082625,6.31,7.35020973,1310.32242,108.32688972,20.97827316,34.97202555,45.26658829,37.59900736,233.69992884,181.37027392,85.0199467,24.81010104,35.93786898,7.141532,33.93927306,13.888665,15.0563457,54.0565352,58.45004206,95.2687179,23.33120985,3186.1299,4514.9158
2024-09-12,5.22333914,6.63185129,4.2206752,28.24703292,14.87348359,9.05025216,40.0764186,18.37650816,33.126822,6.31,7.33063527,1267.65148554,105.85239392,20.62910712,34.72077585,44.80824291,38.78921984,226.00826764,184.0826617,84.66089307,24.36654696,36.28591143,7.22446592,34.74295209,13.888665,14.988655,53.6744756,59.12308017,94.7321007,23.2625598,3172.4747,4496.5919
2024-09-13,5.24219596,6.65991272,4.1829906,28.5927624,14.81781241,9.0130848,40.34923929,18.41544144,33.361764,6.32,7.32084804,1238.28317217,101.9679024,20.35543644,34.64346825,44.60896231,38.84775488,225.56039876,178.395397,83.99549093,24.18333984,36.94222005,7.2797552,34.96465665,14.358141,14.7759128,53.7234576,60.20373291,96.06406125,23.0860311,3159.247,4450.9587
2024-09-18,5.35533688,6.76280463,4.2395175,29.06930844,14.91059771,9.07812768,41.1112557,18.43490808,34.379846,6.49,7.46765649,1202.9329521,100.55790668,20.16669804,34.9237083,44.95770336,39.04287168,222.05533796,181.2147248,85.12865101,24.23155224,35.6992113,7.42719328,35.32492656,14.710248,15.3174384,52.6654464,61.85315025,96.50485395,23.19390975,3171.0102,4462.8701
2024-09-19,5.32705165,6.71603558,4.2395175,28.79833128,14.89204065,9.11529504,41.42170683,18.82424088,34.25258575,6.77,7.74169893,1197.330849,103.5553148,20.79897168,34.9623621,44.838135,39.68675712,224.54782564,181.7008158,84.11737152,24.27012216,35.57988246,7.4366661,35.103222,15.062355,15.1627168,54.0173496,61.88158848,95.7478404,23.46850995,3196.0357,4520.3939
2024-09-20,5.34590847,6.76280463,4.2772021,28.91045976,15.07761125,9.1989216,41.53459815,18.77557428,34.25258575,6.89,7.87872015,1200.10341528,102.97637616,20.74235016,34.7111124,42.55637213,39.58919872,221.87034864,180.4369792,84.3611327,24.43404432,36.3952962,7.49350686,35.5651065,15.531831,15.3271085,53.2042484,62.62098246,97.166043,23.6940744,3201.0497,4498.3901
2024-09-23,5.39305052,6.86569654,4.3525713,29.33094156,15.36524568,9.32900736,41.47815249,18.79504092,34.78120525,6.93,7.90808184,1197.84358386,104.85325788,20.65741788,35.0589966,42.55637213,40.730632,216.47644952,182.9646524,82.35175,24.4436868,36.27596736,7.58824146,36.1193679,15.4731465,15.7042424,53.194452,64.0808116,96.83065725,24.4198035,3212.7639,4494.6878
2024-09-24,5.657046,7.18372608,4.522152,30.95680452,15.94051454,9.63563808,43.7453865,20.26477224,36.02444,7.12,7.99616691,1303.2960534,112.38879792,21.940839,37.0303404,43.50295498,41.46232,226.88453284,192.02538864,83.76490603,25.23437016,38.55315939,7.91981256,38.04080742,16.14801825,16.1200567,56.1529648,64.49790564,99.83954655,24.9297753,3351.909,4689.5964
2024-09-25,5.69475964,7.23984894,4.5598366,31.9098966,16.3302128,9.756432,44.55444096,20.59570512,37.2970425,7.31,8.11361367,1328.363091,114.0135612,22.20507276,37.300917,43.68230752,41.66719264,229.6301638,197.4501642,86.5681596,25.94791368,38.24489322,7.9577064,38.59506882,16.549029,16.149067,56.8289164,66.46014351,99.5616555,24.9886182,3401.533,4731.4755
2024-09-26,5.8456142,7.44563276,4.60694235,33.05921352,17.11888785,10.3604016,47.43316962,21.88050336,38.40322775,8.04,8.92595376,1451.799261,125.41491732,24.08301984,39.93903885,46.29288338,42.21351968,232.07397008,199.79312282,88.81142127,27.21107856,38.20511694,7.94823294,39.47264937,16.98916275,16.6229019,62.5108284,69.73053996,100.54864785,25.7928045,3545.3204,4938.1839
2024-09-27,5.66647441,7.15566465,4.4279405,33.29281452,17.01682402,10.61128128,48.8254959,24.07050036,39.157,8.84,9.81659169,1546.9400628,137.95547528,26.0458992,42.325911,48.50489804,46.4377984,258.04062884,220.50059942,93.54829393,28.62852312,40.25359536,7.93875948,38.62278189,17.12609325,17.2321182,68.7511352,69.199693,99.93537105,28.1072919,3703.6849,5201.6656
2024-09-30,5.82675738,7.41757133,4.522152,35.14293444,17.87972731,11.34533664,53.70804549,26.4746304,43.0727,9.72,10.79531469,1659.741732,151.74728772,27.43312644,46.54883865,52.1118769,51.08157824,285.273004,244.88292398,101.23006517,31.13556792,43.21692822,8.54506092,40.2763284,17.7422805,18.2571488,75.628208,72.10039246,105.1194765,30.54927225,4017.8545,5743.217
2024-10-08,5.77018692,7.49240181,4.4844674,37.37616,18.56633853,11.96788992,58.07317653,29.12209344,47.37997,10.38,10.75616577,1636.004007,153.1852966,27.32932032,50.056671,55.80853203,56.1936384,315.942286,290.682418,107.84126366,32.62050984,46.07087631,8.84821164,39.20475636,17.566227,18.7793342,83.1616396,76.01538879,105.5411043,33.60910305,4256.0962,6155.5817
2024-10-09,5.69475964,7.33338704,4.39967705,34.58229204,17.26734433,10.85286912,52.4003877,29.5406262,42.641973,9.34,9.67957047,1514.60928135,137.89944896,25.03614876,45.07999425,51.49410704,54.42783136,288.85595504,247.90641,100.69642583,30.373812,41.84464656,8.0050737,37.27407915,16.55880975,17.3384893,74.844496,71.10505441,102.1680819,31.43191575,3955.9839,5735.641
2024-10-10,5.91161307,7.5765861,4.5409943,36.18946692,18.0003482,11.37509386,55.0345185,27.009963,43.02375375,9.12,9.81659169,1557.19476,141.91466856,26.06477304,45.4375419,52.38090571,53.58882912,290.16061656,250.822956,104.05637723,30.24845976,43.20698415,8.27980404,39.67587855,16.96960125,17.9670458,73.032162,74.2237803,104.257056,31.03962975,3997.7879,5690.8822
2024-10-11,5.91161307,7.63270896,4.55041545,35.90914572,17.629207,11.12822204,54.13138794,27.41876244,41.8000975,9.1,10.03191075,1523.95244991,139.7389798,25.8099762,44.4711969,50.0194306,50.1937968,276.93874832,235.06388578,98.83857035,28.57066824,41.9639754,8.2419102,39.3525594,16.862013,17.3191491,70.1716132,72.77343057,104.03665965,29.2645356,3887.167,5470.8133
2024-10-14,6.10018127,7.99750755,4.73883845,36.75010932,18.24158998,11.41307414,55.19444787,26.72769672,43.08248925,9.34,10.56042117,1521.10392291,139.84169472,25.81941312,44.84807145,51.20515017,50.6328096,277.3866172,242.77328904,101.127949,29.33242416,43.74396393,8.2892775,39.41722323,17.28258525,18.0444066,69.9071104,74.887339,106.173546,29.82354315,3961.3424,5608.153
2024-10-15,5.90218466,7.68883182,4.6352058,35.974554,17.95395555,11.2991333,53.80212159,26.00743104,41.79030825,9.2,10.69744239,1475.77436325,134.463168,25.007838,43.82374575,50.4179918,48.85724672,263.7558252,234.50974204,98.163286,28.26210888,43.3561452,7.98612678,38.62278189,16.75442475,17.6769428,67.6245492,72.043516,103.1454918,29.4018357,3855.9949,5472.56
2024-10-16,5.99646876,7.81978516,4.7294173,36.908958,18.51994588,11.45105442,53.98086618,25.70569812,42.0350395,10.0,11.14765497,1445.6274525,132.2688038,24.6775458,41.73644055,49.00309954,47.76459264,255.090536,227.3447607,95.45885453,27.26893344,42.07336017,7.97665332,38.36412657,17.06740875,17.5705717,64.754204,71.32308084,102.61845705,28.8722496,3831.589,5461.0877
2024-10-17,5.93046989,7.74495468,4.6917327,35.96520996,18.15808321,11.34660865,53.623377,25.46236512,41.84904375,9.21,10.10042136,1419.1361514,128.8138474,24.08301984,40.8184128,49.04295566,47.00363712,250.222396,225.060133,95.33697394,26.98930152,41.72531772,7.9103391,37.86529131,16.7642055,17.1450873,64.1076416,69.27552828,101.2290018,28.88205675,3788.2217,5418.9883
2024-10-18,5.95875512,7.77301611,4.6728904,36.4884762,18.1859188,11.43206428,54.67517292,27.16569612,42.74965475,9.37,10.24722981,1463.193369,133.529396,24.9134688,41.63980605,50.29842344,48.99382848,262.1006576,242.93855998,98.9209221,27.83783976,44.20139115,8.09033484,38.77982262,17.24346225,17.40618,66.6351128,71.10505441,102.6280395,30.2844792,3925.234,5640.0198
2024-10-21,5.80790056,7.62335515,4.5598366,36.3015954,17.84261319,11.21367767,54.4074386,26.72769672,42.837758,9.19,10.53105948,1451.6093592,133.53873372,24.73416732,41.73644055,50.37813568,49.13041024,261.0296668,246.31203152,100.94677515,29.63134104,45.16596594,8.01454716,38.17013508,17.8205265,17.1740976,66.8016516,70.22346928,101.8614435,31.09847265,3935.1974,5704.225
2024-10-22,5.78904374,7.61400134,4.5786789,36.60060468,17.75910642,11.19468753,54.56042964,26.93209644,42.7790225,9.24,10.72680408,1465.092387,135.80779968,25.11164412,42.0166806,50.57741628,49.5596672,264.7781346,243.5802001,100.38678325,29.73740832,45.79244235,8.01454716,38.28098736,17.65425375,17.212778,67.7323096,72.5174865,100.0216131,29.4999072,3957.7755,5753.8497
2024-10-23,5.78904374,7.61400134,4.56925775,37.05846264,17.77766348,11.26115302,55.75567214,26.83476324,44.051625,9.33,10.70722962,1488.3553575,138.69315516,25.48912092,42.4805262,50.50766807,50.23282016,265.9464882,242.3649726,101.74723416,29.7952632,44.95714047,8.03349408,37.92071745,17.45863875,17.116077,68.08498,72.40373358,99.99286575,30.0883362,3973.2089,5776.383
2024-10-24,5.80790056,7.63270896,4.58810005,36.73142124,17.78694201,11.15670725,55.5548714,26.55249696,43.3663775,9.12,10.49191056,1473.8278698,136.76024712,25.02671184,42.0166806,48.49493401,48.91578176,267.260886,239.31232112,100.03431776,29.56384368,43.70418765,8.0050737,38.14242201,17.10653175,16.8646544,66.419592,71.70225724,97.9518039,30.94155825,3928.8334,5726.7041
2024-10-25,5.77018692,7.58593991,4.5409943,36.5351964,17.75910642,11.11872697,55.1723938,26.76663,43.033543,9.14,10.48212333,1480.14210465,138.30097092,25.17770256,42.83807385,47.827344,51.705952,272.52821348,251.67847616,101.50347298,29.8434756,43.10754345,7.94823294,37.80986517,16.85223225,16.8743245,67.5853636,71.35151907,97.67391285,30.794451,3956.421,5809.6879
2024-10-28,5.72304487,7.49240181,4.4844674,35.99324208,17.64776406,11.05226148,54.981155,26.75689668,42.407031,9.39,10.67786793,1485.981585,143.77287484,25.59292704,43.84307265,48.41522177,52.13520896,270.93146356,249.11191568,100.5020757,29.51563128,43.38597741,7.92928602,37.9669059,16.82289,17.2321182,68.868692,70.97234267,98.01888105,30.4413936,3964.1569,5883.7203
2024-10-29,5.71361646,7.49240181,4.51273085,36.0679944,17.63848553,10.95731078,55.10546022,26.50383036,42.4657665,9.13,10.39403826,1454.28697458,140.8128176,25.02671184,43.485525,48.00669654,52.18398816,264.08685872,244.77598396,100.6008978,29.44813392,43.17715194,7.7682372,37.85605362,16.8424515,17.0773966,67.4286212,70.21398987,97.932639,30.1864077,3924.649,5812.5286
2024-10-30,5.66647441,7.40821752,4.43736165,35.39522352,17.41580081,10.74841924,53.51817818,26.72769672,41.4868415,9.22,10.44297441,1454.647788,138.9452736,24.95121648,42.66413175,47.0302216,50.86694976,263.366374,241.13030146,100.65030885,28.93708248,42.73961286,7.68297606,37.35721836,16.75442475,16.9323451,66.517556,68.96270775,97.9134741,29.66662875,3889.4487,5837.9338
2024-10-31,5.69475964,7.41757133,4.45620395,34.90933344,16.96115284,10.80538966,53.47036848,27.37009584,40.997379,9.28,10.5702084,1450.65035511,137.10574276,26.33844372,42.29692065,46.4323798,50.730368,259.5692248,239.13732836,96.57883833,29.03350728,41.98386354,7.6735026,36.98771076,16.4512215,17.6479325,66.4489812,67.70194622,98.36384925,29.6960502,3891.0396,5901.2904
2024-11-01,5.79847215,7.53917086,4.5033097,35.51669604,16.97043137,10.85286501,53.6902931,27.2046294,41.65325875,9.11,10.70722962,1456.30942875,138.12355424,26.7064836,42.74143935,47.38892668,49.9011216,259.228455,239.3512084,95.63014617,29.04314976,41.95403133,7.8629718,37.93919283,16.87179375,18.1217674,66.9290048,68.48873725,99.082533,29.029164,3890.0203,5831.8217
2024-11-04,5.77961533,7.55787848,4.5033097,36.208155,16.98898843,10.88135022,54.47437218,28.28502792,41.937147,9.07,10.64850624,1470.0298338,138.7585192,27.20664036,43.2729291,47.81737997,50.69134464,263.93107824,244.2121184,101.12136086,29.891688,42.57056367,7.7682372,37.64358675,16.96960125,18.1894581,68.7805244,69.04802244,98.5267509,29.7156645,3944.7619,5928.9085
2024-11-05,5.79847215,7.58593991,4.522152,36.51650832,17.0724952,11.06175655,56.1763975,29.65742604,44.62919075,9.34,10.90297422,1497.36619791,142.6803616,27.43312644,43.95903405,48.50489804,52.47666336,271.55458548,254.11865298,101.2926525,30.29667216,42.9583824,7.84402488,37.90224207,17.3119275,18.2184684,71.415756,69.32292533,98.55549825,30.4806222,4044.5725,6111.9707
2024-11-06,5.74190169,7.483048,4.49388855,36.03061824,17.00754549,10.96680585,54.97159306,30.25115856,43.699212,9.5,11.09871882,1491.678639,141.233015,27.2726988,43.678794,48.57464625,53.5595616,267.3582488,249.364683,98.94068652,30.13275,41.09884131,7.82507796,37.25560377,16.93047825,17.9283654,71.170846,67.46496097,97.96138635,30.70618665,4024.2831,6125.7868
2024-11-07,5.79847215,7.55787848,4.522152,36.97436628,17.54570023,11.30862837,58.17484296,33.27822108,48.0652175,9.89,11.40212295,1565.87327226,151.49516928,28.4994984,47.0996553,49.82015,55.33512448,275.42954166,255.4894296,99.40844446,30.69201384,40.70107851,7.9103391,37.69901289,16.71530175,18.2184684,75.3539088,68.3465461,98.5650807,31.23577275,4145.6952,6239.5598
2024-11-08,5.76075851,7.483048,4.4844674,36.2548752,17.3508511,11.12822204,56.53018928,33.94982016,47.91837875,9.51,10.94212314,1528.68100473,146.10730484,28.43343996,47.14797255,49.3219485,54.74977408,278.38767394,250.336865,98.1303453,30.4702368,40.0746021,7.8156045,37.12627611,16.71530175,17.889685,74.256712,68.80155778,98.51716845,32.1478377,4104.047,6222.445
2024-11-11,5.69475964,7.3895099,4.41851935,35.81570532,17.05393814,11.0142812,55.8417296,33.94982016,46.39125575,9.3,10.67786793,1517.32487709,144.56658104,28.32019692,45.79508955,49.25220029,56.02778912,276.70290986,260.058685,98.58822103,31.70447424,40.4723649,7.66402914,36.37802322,16.14801825,17.9670458,72.9146052,67.8725756,97.7793198,35.3645829,4131.1312,6330.6152
2024-11-12,5.657046,7.34274085,4.38083475,35.12424636,16.82197489,10.95731078,54.51261994,33.02515476,44.560666,9.19,10.58978286,1497.5655948,144.0810196,28.1220216,45.3215805,49.11270387,56.8765472,281.23805968,265.42512964,99.08891967,31.01985816,41.30766678,7.578768,35.94385179,15.6296385,17.6479325,72.689288,68.62144899,96.63900825,34.128882,4085.743,6263.883
2024-11-13,5.69475964,7.36144847,4.3902559,35.33915928,16.84053195,11.02377627,54.68473486,32.04208944,44.43284155,9.07,10.40382549,1498.7999565,143.74486168,28.32019692,45.4955226,49.17248805,55.17903104,280.81686866,274.155324,99.00986199,31.26092016,41.35738713,7.64508222,36.36878553,15.6492,17.9186953,72.6501024,69.5788694,100.64447235,34.7565396,4110.8901,6259.8412
2024-11-14,5.72304487,7.40821752,4.41851935,35.56341624,16.87764607,10.95731078,54.503058,31.79875644,44.98345875,8.95,10.15914474,1494.3372642,143.32466428,27.94272012,44.7031197,48.27572535,53.0717696,270.9335724,267.35005,97.09271325,30.49916424,39.8757207,7.60718838,36.59049009,15.26775075,17.889685,70.6222476,69.80637524,99.3316767,32.56954515,4039.6191,6078.3051
2024-11-15,5.70418805,7.40821752,4.4279405,35.33915928,16.74774665,10.86236008,53.3556252,30.29982516,43.9313866,8.71,9.89488953,1480.284531,141.27036588,27.64073868,44.55816795,47.5284231,51.57912608,265.13484952,258.17265192,95.52803,30.2773872,39.0801951,7.60718838,37.08008766,15.2775315,17.6285923,69.2801408,68.48873725,100.64447235,32.3047521,3968.8308,5924.4834
2024-11-18,5.83618579,7.483048,4.522152,35.4139116,17.17455903,11.15670725,53.31737744,29.85209244,43.9707164,8.84,9.96340014,1480.284531,139.44017276,27.34819416,43.97836095,47.0302216,50.35964608,262.14733182,255.60609144,95.09321276,29.62169856,38.29461357,7.7208699,38.27174967,15.36555825,17.2417883,68.3494828,67.35120805,100.29950415,31.66728735,3950.3806,5833.0358
2024-11-19,5.79847215,7.43627895,4.47504625,35.24571888,17.00754549,11.09024176,53.17394834,30.4652916,43.56758595,8.75,9.96340014,1464.06691728,138.6184534,27.24438804,43.872063,47.25939429,50.80841472,264.34144318,261.24474704,94.86592193,29.97847032,38.31450171,7.70192298,37.97614359,15.85459575,17.2998089,68.8784884,67.59767271,99.3508416,31.8732375,3976.8912,5936.6015
2024-11-20,5.78904374,7.43627895,4.49388855,35.02146192,16.90548166,11.05226148,53.03051924,30.89355768,43.4397641,8.76,9.93403845,1466.81099829,139.6922912,27.40481568,43.678794,50.27849538,51.28645088,269.36635,260.1072941,95.02074322,29.9881128,38.37416613,7.70192298,37.91147976,15.67854225,17.2611285,68.966656,67.71142563,99.5424906,31.775166,3985.7727,5992.3904
2024-11-21,5.77961533,7.42692514,4.49388855,34.97474172,16.92403872,11.00478613,53.05920506,31.03955748,43.64624555,8.68,9.84595338,1467.11484117,139.598914,27.52749564,43.5821595,50.00946657,50.89621728,266.43760314,260.79754332,94.210402,29.78562072,39.01058661,7.68297606,38.05004511,15.805692,17.1547574,68.5845964,67.15214044,99.24543465,31.66728735,3989.2979,5985.3128
2024-11-22,5.70418805,7.33338704,4.4279405,34.0590258,16.5157834,10.71043896,50.70696782,29.52115956,41.07014365,8.42,9.52297479,1431.68866038,135.29422508,26.8008528,42.06499785,48.09637281,48.41823392,257.91583134,251.8923562,91.73655543,28.94672496,37.43942355,7.58824146,36.7660062,15.414462,16.7099328,66.027736,66.72556699,99.082533,30.35312925,3865.6989,5750.2457
2024-11-25,5.72304487,7.37080228,4.45620395,33.84411288,16.47866928,10.61548826,50.26711858,28.86902712,40.2737152,8.38,9.53276202,1422.90570213,134.2764136,26.63098824,42.2292765,47.58820728,47.9011744,256.00577904,256.7532662,93.222181,28.53209832,36.45496062,7.60718838,37.05237459,15.20906625,16.5552112,66.61552,66.72556699,99.3700065,30.03930045,3848.0909,5735.6493
2024-11-26,5.80790056,7.46434038,4.53157315,34.00296156,16.66423988,10.70094389,50.7260917,28.92742704,40.59818605,8.36,9.64042155,1432.809081,135.2101856,26.96128044,42.8863911,48.50489804,47.803616,261.11884212,249.57856304,92.56666107,28.53209832,36.95216412,7.59771492,36.7660062,15.1992855,16.4875205,66.4587776,66.9246346,101.0181879,29.82354315,3840.1847,5690.4792
2024-11-27,5.8456142,7.53917086,4.55041545,34.1991864,16.80341783,10.81488473,51.2041887,29.47249296,41.60109595,8.45,9.78723,1442.35164645,137.3111726,27.24438804,42.99268905,49.81018597,48.70115328,263.54803684,252.6701018,92.563367,28.94672496,38.91114591,7.60718838,37.5050214,15.336216,16.7872936,67.2816752,67.60715212,101.9189382,30.4217793,3907.0447,5804.9368
2024-11-28,5.83618579,7.52046324,4.56925775,34.07771388,16.72918959,10.76740938,50.84083498,29.07342684,40.9226569,8.48,9.81659169,1441.354662,134.463168,26.90465892,42.56749725,49.5212291,48.1938496,254.68343514,247.6147554,90.44857406,28.7345904,37.9863474,7.60718838,37.20017763,15.18950475,16.7196029,66.8898192,66.53597879,101.62188225,30.1471791,3872.5505,5757.5965
2024-11-29,5.79847215,7.46434038,4.53157315,33.95624136,16.74774665,10.80538966,50.9173305,29.929959,41.3946145,8.6,10.02212352,1448.70386166,137.04971644,26.97071736,43.6208133,50.50766807,48.91578176,255.15360186,253.97282568,90.53092581,29.00457984,38.46366276,7.61666184,36.91380924,15.3557775,16.9033348,68.133962,66.47910233,101.9381031,30.5590794,3916.5832,5851.9385
2024-12-02,5.77961533,7.42692514,4.5409943,34.11509004,16.87764607,10.81488473,51.64403794,30.43609164,41.79774495,8.68,10.02212352,1448.001225,137.6379928,27.19720344,45.46653225,50.26853135,49.96941248,257.81787994,254.89639858,93.0245368,29.14921704,40.33314792,7.59771492,36.59049009,15.218847,16.7679534,71.1414568,66.43170528,101.06610015,30.990594,3947.632,5943.6245
2024-12-03,5.85504261,7.54852467,4.60694235,34.68507648,17.11888785,10.90983543,52.04563942,30.25115856,42.3778595,8.74,10.09063413,1449.65337066,137.25514628,27.61242792,45.611484,49.45148089,51.04255488,255.36909494,254.55613488,93.10688855,28.91779752,40.08454617,7.6735026,37.16322687,15.26775075,16.5262009,70.1716132,66.21367885,102.4938852,30.5394651,3951.8912,5932.1207
2024-12-04,5.90218466,7.66077039,4.62578465,34.39541124,17.09105226,10.88135022,51.56754242,29.9786256,41.7879125,8.55,9.89488953,1443.25368,136.07859356,27.47087412,45.031677,49.2223082,50.22306432,254.24265384,251.76597254,92.22737186,28.60923816,39.36857313,7.99560024,38.8906749,15.453585,16.3521391,68.6433748,67.76830209,103.5862845,30.19621485,3930.5568,5879.2695
2024-12-05,5.90218466,7.69818563,4.6352058,34.48885164,16.94259578,10.86236008,51.32849392,30.0759588,41.4339443,8.52,9.83616615,1434.708099,135.42495316,27.21607728,44.6258121,48.77392685,50.15477344,249.77607,248.878592,90.67257082,28.65745056,39.14980359,7.85349834,38.72439648,15.140601,16.2651082,68.476836,67.98632852,102.96342525,30.17660055,3921.5881,5901.9859
2024-12-06,5.95875512,7.73560087,4.66346925,35.2270308,17.15600197,11.07125162,52.70541328,30.40689168,43.0268012,8.68,9.93403845,1444.21268409,136.74157168,27.59355408,44.9543694,49.35184059,53.87174848,257.42607434,259.1351121,92.32619396,29.54455872,39.98510547,7.88191872,39.11237946,15.34599675,16.3327989,69.1233984,69.05750185,102.7430289,30.6963795,3973.1405,5979.197
2024-12-09,5.95875512,7.71689325,4.71999615,35.2270308,17.20239462,11.08074669,52.42811702,30.29009184,43.33160715,8.42,9.65999601,1442.1142692,136.10660672,27.19720344,44.71278315,49.20238014,57.53994432,254.5267129,260.5933851,92.39536943,30.15203496,39.65695116,7.98612678,39.2601825,15.531831,16.3037886,67.8792556,69.32292533,102.81010605,30.4610079,3966.5708,5947.1089
2024-12-10,6.05303922,7.82913897,4.75768075,36.0679944,17.33229404,11.19468753,53.18351028,30.64049136,43.48892635,8.58,9.81659169,1468.50112431,139.2254052,27.85778784,45.83374335,47.95687639,56.55460448,257.59259172,263.04328374,93.07394785,30.82700856,40.66130223,7.91981256,39.29713326,15.7078845,16.3521391,69.211566,69.99596344,102.4363905,30.52965795,3995.6369,5992.0937
2024-12-11,5.94932671,7.67947801,4.68231155,35.7876732,17.21167315,11.13771711,52.4950506,30.50422488,42.5351787,8.65,9.94382568,1458.0660204,139.5055368,28.09371084,46.23960825,47.97680445,56.28144096,256.9265222,259.6698122,92.48760339,30.38345448,41.01928875,8.0050737,40.07309922,15.766569,16.4004896,70.387134,71.1903691,102.1297521,30.54927225,3988.8308,6047.105
2024-12-12,6.05303922,7.77301611,4.73883845,36.2548752,17.39724375,11.25165795,53.14526252,30.81569112,43.41026675,8.69,9.99276183,1486.7411922,141.76526504,28.52780916,46.80008835,47.86720012,55.69609056,263.76352992,266.09593522,93.44617776,30.45095184,41.13861759,8.0050737,39.82368159,15.883938,16.4585102,72.3072284,71.62642196,103.2029865,30.6767652,4028.5048,6100.3945
2024-12-13,6.02475399,7.7636623,4.710575,34.8532692,16.84053195,10.97630092,51.38586556,29.60875944,41.44377675,8.41,9.63063432,1442.304171,138.23560688,27.602991,45.5921571,46.42241577,55.120496,253.86064338,259.60175946,91.08432957,29.70848088,40.35303606,7.84402488,39.3525594,15.22862775,16.0136856,69.848332,70.147634,104.24747355,29.96084325,3933.1808,5988.292
2024-12-16,6.15675173,7.90396945,4.81420765,35.26440696,16.90548166,10.98579599,50.79302528,29.22915996,40.65718075,8.23,9.2978685,1450.0901448,135.01409348,27.5558064,45.15730185,45.90428621,54.83757664,248.5027018,259.7670304,90.57045465,29.3131392,39.55751046,8.0050737,40.13776305,15.01345125,15.8396238,70.338152,69.40824002,107.46717675,30.74541525,3911.8416,5912.6014
2024-12-17,6.13789491,7.94138469,4.8047865,35.3671914,17.03538108,10.94781571,50.68784394,29.42382636,40.85382975,8.14,9.20978343,1479.335022,135.29422508,27.94272012,45.224946,46.3327395,54.144912,247.817042,266.1834316,93.1562996,29.409564,40.0746021,8.03349408,39.5373132,15.11125875,15.955665,69.5250508,69.83481347,106.6335036,32.5205094,3922.0334,5848.1628
2024-12-18,6.21332219,7.99750755,4.8047865,35.99324208,17.2580658,11.06175655,50.62091036,29.48222628,40.9423218,8.14,9.1999962,1492.1533935,135.5836944,27.94272012,45.804753,46.42241577,54.7302624,246.95506968,263.85991662,93.76570255,29.891688,39.83594442,8.06191446,39.77749314,15.15038175,15.9363248,69.1919732,70.2424281,109.2207651,33.8935104,3941.89,5888.6162
2024-12-19,6.11903809,7.93203088,4.7482596,35.52604008,17.20239462,11.00478613,50.57310066,29.52115956,41.07014365,7.91,9.19020897,1472.69795409,134.0429706,27.71623404,45.35057085,46.37259562,54.54490144,247.327285,262.28498178,94.0127578,29.93025792,41.43693969,7.97665332,39.36179709,14.984109,15.9459949,68.6041892,70.56472804,109.09619325,37.071027,3945.4635,5901.9155
2024-12-20,6.15675173,7.93203088,4.7482596,35.42325564,17.18383756,11.03327134,50.31492828,29.76645264,40.73584035,7.82,9.14127282,1467.749832,133.72548812,27.5558064,45.07999425,46.08363875,54.42783136,245.13317364,255.40193322,92.2998414,29.77597824,41.04912096,7.90086564,38.18861046,14.6906865,15.5882012,68.0066088,70.147634,106.748493,36.6591267,3927.7441,5917.1751
2024-12-23,6.3170347,8.06298422,4.88957685,35.8343934,17.46219346,11.13771711,50.7739014,29.35439232,40.8439973,7.66,9.02382606,1472.0412162,133.0158214,27.9332832,45.1089846,45.68507755,54.88635584,248.61044834,256.169957,92.4645449,29.62169856,40.23370722,8.12822868,38.59506882,15.16994325,15.7816032,67.301268,70.72587801,109.09619325,35.45284725,3933.5718,5818.551
2024-12-24,6.39246198,8.21264518,4.94610375,36.64732488,17.61064994,11.26115302,51.42411332,29.74683072,41.7682476,7.73,9.04340052,1483.97029992,133.97760656,28.4051292,45.8434068,46.16335099,55.0717168,249.74668458,260.76837786,95.00756694,29.64098352,41.1684498,8.31769788,38.55811806,15.28731225,15.8686341,68.0164052,72.28050125,110.09276805,36.10011915,3983.6882,5895.2595
2024-12-25,6.54331654,8.30618328,5.00263065,36.8155176,17.80549907,11.31812344,51.5388566,29.52117864,41.9845615,7.54,8.99446437,1475.46468,133.60409776,28.24470156,45.35057085,46.45230786,54.28149376,251.2943167,260.51561054,94.18404944,30.13275,40.84029549,8.54506092,39.6296901,15.179724,15.858964,67.791088,71.60746314,110.76353955,37.35543435,3985.6291,5840.2889
2024-12-26,6.53388813,8.25941423,4.9932095,36.89026992,17.83333466,11.26115302,51.1085693,29.5800444,41.9845615,7.51,8.88680484,1473.33345324,133.05317228,28.28244924,44.90605215,45.94414233,54.15466784,249.06102478,253.9825475,93.83487802,30.373812,42.08330424,8.49769362,38.91838797,15.2775315,16.149067,67.6637348,72.02455718,109.6040631,40.19950785,3987.4801,5887.0605
2024-12-27,6.52445972,8.20329137,5.00263065,36.75945336,17.95395555,11.23266781,50.93645438,29.64872112,41.8075774,7.55,8.93574099,1474.47139332,133.08118544,28.4523138,45.15730185,45.9341783,53.45224736,252.93990022,254.711684,94.30263596,29.94954288,41.11872945,8.45032632,38.97381411,14.9645475,16.0813763,67.4776032,71.49371022,109.814877,39.3070572,3981.0307,5899.1665
2024-12-30,6.55274495,8.2313528,5.05915755,37.02108648,18.13952615,11.34660865,51.5388566,29.93323896,42.30903235,7.36,8.79871977,1470.6429,131.85794412,28.38625536,44.79009075,45.97403442,54.7302624,253.48842806,259.16427756,93.87770093,29.91097296,41.41705155,8.526114,39.51883782,15.1992855,16.1297268,66.8702264,71.39891612,111.5013882,40.013172,3999.0549,5898.884
2024-12-31,6.52445972,8.22199899,5.0308941,36.7220772,17.77766348,11.1092319,50.3436141,28.61857032,41.2176304,7.26,8.67148578,1469.678544,130.76543088,28.48062456,44.3552355,45.7348977,53.69614336,249.77607,258.600412,93.11018262,29.6024136,40.53202932,8.46927324,40.16547612,14.788494,15.9363248,65.6456764,71.30412202,113.2262292,39.620886,3934.9109,5725.7324
